DATE,OPEN,HIGH,LOW,CLOSE,VOL
10/02 15:01,20400,20400,20390,20390,75614
10/02 15:00,20350,20430,20350,20400,387180
10/02 14:55,20380,20390,20330,20350,193943
10/02 14:50,20360,20390,20340,20380,258390
10/02 14:45,20310,20370,20290,20360,294774
10/02 14:40,20310,20360,20270,20310,318379
10/02 14:35,20380,20380,20300,20300,292675
10/02 14:30,20350,20420,20330,20390,235932
10/02 14:25,20380,20410,20330,20340,297803
10/02 14:20,20400,20440,20360,20380,328223
10/02 14:15,20360,20500,20350,20410,567103
10/02 14:10,20420,20420,20280,20360,551654
10/02 14:05,20470,20560,20310,20410,731914
10/02 14:00,20710,20730,20400,20460,872052
10/02 13:55,20790,20790,20710,20710,122448
10/02 13:50,20780,20800,20780,20800,11758
10/02 13:45,20780,20790,20770,20780,8040
10/02 13:40,20790,20800,20780,20790,10600
10/02 13:35,20770,20800,20770,20790,19070
10/02 13:30,20770,20780,20760,20780,38724
10/02 13:25,20810,20810,20770,20770,58354
10/02 13:20,20810,20820,20800,20810,24958
10/02 13:15,20810,20810,20790,20800,26710
10/02 13:10,20800,20820,20800,20810,17638
10/02 13:05,20820,20820,20790,20790,25966
10/02 13:00,20830,20830,20810,20820,27729
10/02 12:55,20800,20830,20790,20820,49554
10/02 12:50,20780,20800,20770,20800,71338
10/02 12:45,20770,20790,20760,20770,50451
10/02 12:40,20740,20780,20740,20760,31250
10/02 12:35,20750,20780,20720,20740,111262
10/02 11:35,20750,20750,20750,20750,3525
10/02 11:30,20750,20750,20730,20740,55997
10/02 11:25,20750,20760,20740,20750,31578
10/02 11:20,20730,20750,20730,20750,19641
10/02 11:15,20730,20740,20720,20730,11584
10/02 11:10,20750,20760,20720,20730,67002
10/02 11:05,20740,20760,20730,20750,40464
10/02 11:00,20750,20770,20740,20740,44704
10/02 10:55,20760,20770,20730,20760,66726
10/02 10:50,20790,20790,20760,20770,140759
10/02 10:45,20810,20810,20780,20790,69399
10/02 10:40,20830,20830,20810,20810,12148
10/02 10:35,20810,20840,20810,20840,29453
10/02 10:30,20820,20820,20800,20810,54994
10/02 10:25,20820,20830,20810,20820,39114
10/02 10:20,20820,20850,20820,20820,60652
10/02 10:15,20830,20840,20810,20820,38347
10/02 10:10,20820,20840,20790,20840,151681
10/02 10:05,20790,20820,20780,20820,108556
10/02 10:00,20820,20820,20790,20800,128016
10/02 09:55,20830,20870,20820,20830,107778
10/02 09:50,20810,20840,20810,20830,62793
10/02 09:45,20860,20860,20810,20810,70367
10/02 09:40,20840,20850,20820,20850,119955
10/02 09:35,20890,20900,20840,20840,124975
10/02 09:30,20890,20910,20870,20890,47195
10/02 09:25,20910,20910,20880,20890,91877
10/02 09:20,20920,20930,20890,20910,120297
10/02 09:15,20950,20950,20890,20920,127450
10/02 09:10,20940,21000,20930,20950,177602
10/02 09:05,20950,20980,20880,20950,670054
09/30 15:01,20700,20700,20700,20700,85063
09/30 15:00,20710,20730,20660,20680,156837
09/30 14:55,20660,20720,20650,20710,125200
09/30 14:50,20690,20700,20650,20660,114100
09/30 14:45,20730,20730,20680,20690,130497
09/30 14:40,20700,20750,20690,20720,148728
09/30 14:35,20770,20780,20690,20700,177554
09/30 14:30,20770,20780,20760,20760,31354
09/30 14:25,20790,20790,20750,20780,120926
09/30 14:20,20810,20820,20790,20790,104560
09/30 14:15,20850,20850,20800,20820,123961
09/30 14:10,20840,20870,20830,20850,71952
09/30 14:05,20870,20870,20810,20830,134367
09/30 14:00,20850,20880,20850,20870,126775
09/30 13:55,20870,20880,20850,20870,140344
09/30 13:50,20910,20910,20860,20860,53182
09/30 13:45,20920,20920,20890,20910,58400
09/30 13:40,20920,20920,20900,20920,53266
09/30 13:35,20890,20940,20870,20920,209624
09/30 13:30,20840,20900,20830,20900,112125
09/30 13:25,20880,20880,20820,20840,153811
09/30 13:20,20900,20910,20860,20870,182572
09/30 13:15,20920,20930,20900,20900,97521
09/30 13:10,20980,20980,20900,20920,405140
09/30 13:05,20990,21000,20970,20990,136102
09/30 13:00,21010,21020,20980,20990,122557
09/30 12:55,21020,21030,21000,21010,87876
09/30 12:50,21020,21030,20990,21020,79618
09/30 12:45,20990,21040,20980,21020,174977
09/30 12:40,20990,21010,20970,20990,242202
09/30 12:35,21030,21070,20970,21000,676845
09/30 11:35,21250,21250,21250,21250,6438
09/30 11:30,21250,21270,21250,21260,76642
09/30 11:25,21280,21280,21240,21250,25816
09/30 11:20,21240,21300,21240,21270,93990
09/30 11:15,21240,21240,21220,21240,15044
09/30 11:10,21230,21240,21230,21240,15088
09/30 11:05,21230,21240,21220,21230,15577
09/30 11:00,21230,21240,21220,21240,23338
09/30 10:55,21210,21250,21210,21220,39878
09/30 10:50,21210,21230,21210,21210,25340
09/30 10:45,21230,21230,21210,21220,21718
09/30 10:40,21200,21230,21190,21230,31021
09/30 10:35,21250,21250,21190,21200,55234
09/30 10:30,21230,21250,21230,21250,37799
09/30 10:25,21250,21250,21230,21240,55358
09/30 10:20,21180,21250,21180,21240,124047
09/30 10:15,21180,21190,21170,21180,24206
09/30 10:10,21210,21220,21170,21180,49996
09/30 10:05,21200,21230,21200,21210,46679
09/30 10:00,21200,21220,21190,21190,48210
09/30 09:55,21190,21210,21170,21200,42705
09/30 09:50,21180,21200,21170,21190,36125
09/30 09:45,21200,21210,21160,21180,82746
09/30 09:40,21200,21220,21180,21190,57614
09/30 09:35,21220,21220,21140,21200,197606
09/30 09:30,21230,21250,21210,21220,48081
09/30 09:25,21270,21270,21220,21230,59739
09/30 09:20,21250,21290,21250,21260,126662
09/30 09:15,21240,21250,21220,21250,72698
09/30 09:10,21250,21260,21230,21230,149121
09/30 09:05,21220,21270,21180,21260,315559
09/29 15:01,21330,21340,21330,21330,74771
09/29 15:00,21320,21360,21320,21340,127189
09/29 14:55,21290,21330,21280,21320,130742
09/29 14:50,21240,21300,21240,21280,177810
09/29 14:45,21300,21300,21230,21250,246280
09/29 14:40,21320,21330,21300,21310,125851
09/29 14:35,21350,21360,21310,21320,74900
09/29 14:30,21350,21400,21330,21350,111488
09/29 14:25,21370,21400,21340,21340,140722
09/29 14:20,21440,21440,21330,21370,234029
09/29 14:15,21440,21450,21430,21430,37650
09/29 14:10,21450,21450,21420,21440,67232
09/29 14:05,21420,21460,21400,21450,127650
09/29 14:00,21390,21430,21390,21420,91942
09/29 13:55,21400,21410,21380,21390,65995
09/29 13:50,21360,21410,21340,21400,244244
09/29 13:45,21360,21380,21340,21360,229531
09/29 13:40,21350,21390,21350,21360,95862
09/29 13:35,21360,21370,21340,21350,102590
09/29 13:30,21330,21360,21310,21350,74521
09/29 13:25,21310,21340,21300,21330,74736
09/29 13:20,21320,21330,21300,21320,47899
09/29 13:15,21250,21310,21240,21310,167183
09/29 13:10,21260,21260,21240,21250,63529
09/29 13:05,21240,21270,21230,21260,100732
09/29 13:00,21210,21240,21210,21230,62120
09/29 12:55,21210,21230,21200,21210,51680
09/29 12:50,21220,21230,21200,21200,63776
09/29 12:45,21190,21230,21180,21220,117777
09/29 12:40,21140,21190,21140,21180,64893
09/29 12:35,21160,21160,21130,21140,169647
09/29 11:35,21190,21190,21180,21180,14260
09/29 11:30,21170,21210,21170,21180,152020
09/29 11:25,21160,21170,21160,21170,39258
09/29 11:20,21190,21190,21160,21170,49517
09/29 11:15,21130,21200,21130,21190,243680
09/29 11:10,21100,21140,21100,21130,241397
09/29 11:05,21080,21100,21070,21100,97614
09/29 11:00,21050,21090,21050,21080,66110
09/29 10:55,21030,21060,21030,21050,32111
09/29 10:50,21030,21040,21030,21030,29791
09/29 10:45,21050,21050,21030,21040,11516
09/29 10:40,21020,21050,21020,21050,56921
09/29 10:35,21030,21040,21020,21030,34249
09/29 10:30,21030,21050,21020,21040,41293
09/29 10:25,21010,21050,21010,21040,40963
09/29 10:20,21050,21050,21000,21010,55625
09/29 10:15,21060,21070,21040,21050,37329
09/29 10:10,21060,21070,21040,21060,48985
09/29 10:05,21030,21070,21020,21050,179238
09/29 10:00,20990,21020,20990,21020,95271
09/29 09:55,21020,21020,20990,21000,43674
09/29 09:50,21020,21020,21000,21020,45020
09/29 09:45,21030,21040,21010,21010,98003
09/29 09:40,20990,21040,20990,21040,80828
09/29 09:35,21000,21010,20990,20990,57328
09/29 09:30,21000,21020,21000,21000,40185
09/29 09:25,21010,21020,20980,20990,105481
09/29 09:20,21020,21030,20990,21010,106901
09/29 09:15,21010,21040,21000,21020,107840
09/29 09:10,21010,21030,20990,21010,133576
09/29 09:05,21080,21100,20990,21010,444903
09/28 15:01,20960,20980,20960,20980,70998
09/28 15:00,20890,20970,20890,20950,256083
09/28 14:55,20860,20910,20860,20900,345800
09/28 14:50,20840,20860,20830,20850,169270
09/28 14:45,20820,20840,20810,20840,164499
09/28 14:40,20830,20840,20810,20820,187998
09/28 14:35,20830,20840,20820,20840,59041
09/28 14:30,20840,20850,20820,20840,142983
09/28 14:25,20780,20840,20780,20830,237737
09/28 14:20,20770,20780,20770,20780,171681
09/28 14:15,20760,20780,20760,20770,63081
09/28 14:10,20740,20770,20740,20760,118006
09/28 14:05,20730,20740,20720,20740,31673
09/28 14:00,20730,20740,20720,20720,29067
09/28 13:55,20720,20740,20720,20730,10862
09/28 13:50,20720,20740,20720,20730,32677
09/28 13:45,20710,20720,20700,20710,39007
09/28 13:40,20750,20750,20710,20710,37712
09/28 13:35,20760,20760,20740,20750,14216
09/28 13:30,20750,20760,20750,20750,16878
09/28 13:25,20760,20770,20750,20760,27991
09/28 13:20,20760,20760,20760,20760,2761
09/28 13:15,20760,20760,20750,20760,25375
09/28 13:10,20760,20770,20760,20770,11691
09/28 13:05,20760,20770,20760,20760,15193
09/28 13:00,20770,20780,20760,20770,10243
09/28 12:55,20770,20790,20770,20780,35631
09/28 12:50,20760,20780,20760,20770,32906
09/28 12:45,20770,20770,20760,20770,22351
09/28 12:40,20760,20780,20760,20760,22043
09/28 12:35,20770,20770,20750,20760,63456
09/28 11:35,20780,20780,20780,20780,4404
09/28 11:30,20780,20800,20780,20790,81301
09/28 11:25,20770,20780,20760,20780,29718
09/28 11:20,20760,20770,20760,20760,6174
09/28 11:15,20780,20780,20770,20770,26528
09/28 11:10,20780,20780,20760,20770,16852
09/28 11:05,20770,20790,20760,20770,39488
09/28 11:00,20760,20780,20750,20770,90355
09/28 10:55,20760,20790,20760,20760,148423
09/28 10:50,20760,20770,20750,20770,45901
09/28 10:45,20730,20760,20730,20760,144026
09/28 10:40,20720,20730,20720,20730,21643
09/28 10:35,20730,20740,20720,20720,139098
09/28 10:30,20740,20750,20730,20730,156225
09/28 10:25,20720,20750,20720,20750,250734
09/28 10:20,20690,20720,20690,20720,60103
09/28 10:15,20690,20690,20680,20690,23291
09/28 10:10,20670,20690,20670,20690,60296
09/28 10:05,20650,20690,20650,20670,56671
09/28 10:00,20690,20700,20650,20650,68999
09/28 09:55,20720,20730,20680,20690,79968
09/28 09:50,20720,20740,20710,20720,65284
09/28 09:45,20680,20720,20680,20710,54063
09/28 09:40,20680,20700,20670,20680,55735
09/28 09:35,20690,20710,20670,20680,132160
09/28 09:30,20730,20730,20690,20700,130111
09/28 09:25,20730,20740,20720,20730,26978
09/28 09:20,20720,20750,20720,20730,108841
09/28 09:15,20750,20770,20710,20720,156058
09/28 09:10,20750,20770,20750,20760,135874
09/28 09:05,20780,20800,20740,20750,424325
09/25 15:01,20510,20510,20510,20510,54697
09/25 15:00,20490,20500,20480,20500,79213
09/25 14:55,20490,20500,20480,20490,44327
09/25 14:50,20510,20510,20470,20480,123148
09/25 14:45,20500,20520,20500,20510,120241
09/25 14:40,20500,20510,20500,20500,20789
09/25 14:35,20490,20500,20480,20490,33924
09/25 14:30,20510,20510,20480,20490,30726
09/25 14:25,20500,20510,20500,20510,24928
09/25 14:20,20490,20510,20490,20490,18997
09/25 14:15,20490,20520,20490,20490,71278
09/25 14:10,20520,20520,20490,20490,46910
09/25 14:05,20510,20520,20510,20520,34454
09/25 14:00,20500,20520,20490,20510,111523
09/25 13:55,20480,20510,20470,20500,80254
09/25 13:50,20460,20480,20450,20480,28556
09/25 13:45,20460,20480,20450,20460,19986
09/25 13:40,20470,20480,20460,20470,13762
09/25 13:35,20460,20490,20460,20480,112601
09/25 13:30,20470,20480,20460,20460,8668
09/25 13:25,20470,20480,20460,20470,40199
09/25 13:20,20460,20490,20460,20460,69052
09/25 13:15,20450,20470,20450,20460,21846
09/25 13:10,20460,20460,20440,20450,34050
09/25 13:05,20430,20460,20430,20460,60961
09/25 13:00,20420,20430,20400,20430,48459
09/25 12:55,20450,20450,20390,20420,169192
09/25 12:50,20470,20470,20450,20450,113333
09/25 12:45,20460,20470,20450,20470,63132
09/25 12:40,20500,20500,20460,20460,139866
09/25 12:35,20520,20530,20490,20500,128243
09/25 11:35,20510,20510,20510,20510,6388
09/25 11:30,20530,20540,20500,20500,72132
09/25 11:25,20550,20560,20520,20530,93027
09/25 11:20,20540,20550,20530,20550,26620
09/25 11:15,20550,20550,20530,20530,35043
09/25 11:10,20560,20560,20530,20550,134885
09/25 11:05,20560,20570,20550,20570,30492
09/25 11:00,20560,20570,20550,20560,56140
09/25 10:55,20560,20570,20550,20560,22534
09/25 10:50,20550,20570,20550,20550,71370
09/25 10:45,20550,20570,20550,20550,73592
09/25 10:40,20560,20570,20540,20550,174575
09/25 10:35,20580,20580,20550,20560,44274
09/25 10:30,20580,20610,20580,20580,200043
09/25 10:25,20550,20590,20540,20580,130865
09/25 10:20,20480,20580,20480,20560,383815
09/25 10:15,20490,20510,20480,20480,31004
09/25 10:10,20520,20520,20490,20500,33505
09/25 10:05,20510,20540,20500,20510,141507
09/25 10:00,20500,20510,20490,20500,93007
09/25 09:55,20460,20500,20460,20500,170814
09/25 09:50,20470,20470,20450,20460,28636
09/25 09:45,20460,20470,20460,20470,53349
09/25 09:40,20440,20470,20430,20460,54922
09/25 09:35,20450,20460,20430,20440,32341
09/25 09:30,20460,20470,20440,20450,55188
09/25 09:25,20480,20490,20440,20460,92660
09/25 09:20,20450,20490,20440,20480,105660
09/25 09:15,20460,20480,20430,20440,65579
09/25 09:10,20490,20490,20450,20460,98848
09/25 09:05,20500,20540,20460,20500,431048
09/24 15:01,20270,20270,20270,20270,86197
09/24 15:00,20270,20290,20260,20280,142482
09/24 14:55,20270,20280,20250,20270,60541
09/24 14:50,20240,20270,20220,20260,65633
09/24 14:45,20280,20290,20240,20240,45614
09/24 14:40,20280,20290,20260,20290,54880
09/24 14:35,20250,20290,20250,20280,80104
09/24 14:30,20240,20270,20230,20250,129884
09/24 14:25,20230,20260,20230,20230,54931
09/24 14:20,20240,20260,20210,20230,78459
09/24 14:15,20220,20250,20200,20240,138902
09/24 14:10,20240,20250,20190,20230,121735
09/24 14:05,20250,20250,20180,20230,269557
09/24 14:00,20260,20290,20240,20250,89224
09/24 13:55,20340,20340,20240,20250,273178
09/24 13:50,20360,20360,20330,20350,100570
09/24 13:45,20350,20350,20330,20350,63776
09/24 13:40,20350,20370,20340,20350,124354
09/24 13:35,20410,20410,20350,20350,166263
09/24 13:30,20410,20420,20400,20410,24403
09/24 13:25,20420,20430,20400,20410,103917
09/24 13:20,20430,20430,20420,20430,37667
09/24 13:15,20400,20430,20400,20430,42921
09/24 13:10,20390,20410,20390,20400,27330
09/24 13:05,20420,20420,20390,20390,90432
09/24 13:00,20410,20430,20410,20410,16734
09/24 12:55,20420,20430,20400,20420,85960
09/24 12:50,20420,20450,20420,20420,33064
09/24 12:45,20460,20460,20430,20430,94730
09/24 12:40,20450,20460,20450,20450,24414
09/24 12:35,20440,20460,20420,20460,170829
09/24 11:35,20500,20500,20500,20500,5767
09/24 11:30,20490,20500,20470,20490,56681
09/24 11:25,20500,20500,20470,20480,31098
09/24 11:20,20460,20530,20460,20500,95354
09/24 11:15,20480,20490,20450,20450,35156
09/24 11:10,20450,20490,20430,20480,117532
09/24 11:05,20440,20460,20420,20440,145659
09/24 11:00,20470,20470,20440,20440,91566
09/24 10:55,20480,20490,20470,20480,47129
09/24 10:50,20510,20510,20480,20480,169250
09/24 10:45,20500,20520,20490,20510,137194
09/24 10:40,20510,20540,20500,20510,213343
09/24 10:35,20480,20510,20470,20500,179433
09/24 10:30,20460,20490,20460,20480,157360
09/24 10:25,20440,20460,20430,20460,50296
09/24 10:20,20400,20450,20400,20440,100463
09/24 10:15,20440,20450,20400,20400,64558
09/24 10:10,20470,20470,20430,20440,128111
09/24 10:05,20420,20470,20400,20460,114368
09/24 10:00,20410,20420,20400,20420,108808
09/24 09:55,20420,20440,20400,20410,105137
09/24 09:50,20430,20440,20410,20420,66760
09/24 09:45,20410,20460,20410,20440,294288
09/24 09:40,20360,20420,20360,20420,157030
09/24 09:35,20370,20370,20340,20370,206510
09/24 09:30,20370,20390,20350,20380,145960
09/24 09:25,20360,20380,20340,20370,81750
09/24 09:20,20310,20370,20310,20360,144193
09/24 09:15,20390,20390,20280,20320,468336
09/24 09:10,20450,20450,20300,20390,694586
09/24 09:05,20450,20500,20430,20440,450894
09/23 15:01,20750,20750,20750,20750,114445
09/23 15:00,20760,20770,20730,20740,157842
09/23 14:55,20740,20770,20730,20770,140422
09/23 14:50,20740,20760,20720,20730,77475
09/23 14:45,20760,20760,20720,20740,94773
09/23 14:40,20660,20760,20660,20760,158831
09/23 14:35,20640,20670,20630,20670,118476
09/23 14:30,20620,20630,20620,20630,79635
09/23 14:25,20600,20630,20600,20620,98040
09/23 14:20,20600,20600,20590,20600,14771
09/23 14:15,20600,20610,20590,20600,22988
09/23 14:10,20590,20620,20580,20600,148292
09/23 14:05,20570,20600,20570,20590,35323
09/23 14:00,20570,20580,20560,20570,13014
09/23 13:55,20580,20580,20560,20570,102677
09/23 13:50,20590,20600,20580,20580,14421
09/23 13:45,20610,20610,20590,20590,84391
09/23 13:40,20590,20610,20590,20600,25351
09/23 13:35,20600,20600,20580,20590,86878
09/23 13:30,20600,20600,20590,20600,17389
09/23 13:25,20580,20600,20580,20600,67455
09/23 13:20,20600,20620,20580,20590,170535
09/23 13:15,20610,20610,20600,20610,14320
09/23 13:10,20610,20620,20610,20610,10137
09/23 13:05,20610,20620,20600,20620,103523
09/23 13:00,20600,20620,20600,20610,25394
09/23 12:55,20610,20620,20590,20600,34415
09/23 12:50,20600,20620,20580,20610,55911
09/23 12:45,20590,20610,20580,20600,24118
09/23 12:40,20600,20620,20580,20590,41745
09/23 12:35,20550,20620,20550,20600,209488
09/23 11:35,20520,20520,20520,20520,2512
09/23 11:30,20500,20520,20490,20510,10732
09/23 11:25,20530,20530,20490,20500,49148
09/23 11:20,20510,20530,20510,20520,36940
09/23 11:15,20510,20520,20490,20510,82384
09/23 11:10,20510,20510,20490,20500,19754
09/23 11:05,20510,20530,20500,20510,56433
09/23 11:00,20500,20520,20490,20510,84666
09/23 10:55,20480,20500,20470,20490,37150
09/23 10:50,20450,20480,20440,20480,95296
09/23 10:45,20470,20480,20460,20460,38244
09/23 10:40,20450,20480,20440,20470,98587
09/23 10:35,20400,20440,20390,20440,48814
09/23 10:30,20430,20430,20390,20410,189888
09/23 10:25,20460,20460,20420,20430,86904
09/23 10:20,20450,20470,20440,20460,89576
09/23 10:15,20450,20460,20430,20450,87471
09/23 10:10,20440,20460,20420,20450,87762
09/23 10:05,20450,20470,20430,20450,161999
09/23 10:00,20500,20520,20450,20450,189016
09/23 09:55,20530,20530,20480,20500,131738
09/23 09:50,20570,20590,20510,20530,252763
09/23 09:45,20530,20570,20530,20570,50448
09/23 09:40,20560,20570,20530,20530,51520
09/23 09:35,20520,20570,20520,20560,89768
09/23 09:30,20520,20540,20510,20530,69046
09/23 09:25,20530,20550,20500,20530,94425
09/23 09:20,20500,20560,20500,20530,97373
09/23 09:15,20530,20560,20490,20500,137016
09/23 09:10,20500,20540,20470,20530,207317
09/23 09:05,20510,20550,20480,20510,499462
09/18 15:01,20750,20750,20750,20750,67210
09/18 15:00,20720,20760,20720,20740,162490
09/18 14:55,20720,20730,20700,20710,133316
09/18 14:50,20720,20730,20700,20720,49426
09/18 14:45,20720,20730,20710,20720,10232
09/18 14:40,20720,20730,20710,20720,16327
09/18 14:35,20740,20740,20720,20720,77287
09/18 14:30,20730,20740,20720,20730,9603
09/18 14:25,20730,20730,20720,20730,22699
09/18 14:20,20710,20730,20700,20720,29290
09/18 14:15,20730,20730,20720,20720,26702
09/18 14:10,20740,20740,20720,20720,30581
09/18 14:05,20730,20740,20730,20740,20717
09/18 14:00,20740,20740,20720,20720,13129
09/18 13:55,20730,20730,20720,20730,13656
09/18 13:50,20750,20750,20740,20740,15689
09/18 13:45,20740,20750,20730,20750,16350
09/18 13:40,20730,20740,20720,20740,30656
09/18 13:35,20710,20730,20710,20730,20067
09/18 13:30,20720,20720,20700,20700,16662
09/18 13:25,20710,20730,20710,20720,17949
09/18 13:20,20710,20710,20700,20710,16431
09/18 13:15,20710,20710,20700,20700,8224
09/18 13:10,20700,20710,20700,20710,17037
09/18 13:05,20690,20700,20680,20700,29626
09/18 13:00,20700,20700,20690,20700,11308
09/18 12:55,20700,20710,20700,20700,12449
09/18 12:50,20690,20710,20690,20700,12454
09/18 12:45,20700,20700,20690,20690,99892
09/18 12:40,20700,20720,20700,20700,25710
09/18 12:35,20730,20740,20710,20710,72338
09/18 11:35,20730,20730,20730,20730,21809
09/18 11:30,20750,20750,20730,20740,30709
09/18 11:25,20740,20760,20740,20750,23166
09/18 11:20,20700,20750,20700,20750,126743
09/18 11:15,20700,20700,20690,20700,36830
09/18 11:10,20690,20720,20690,20700,26084
09/18 11:05,20700,20710,20690,20690,12305
09/18 11:00,20690,20710,20680,20700,43816
09/18 10:55,20650,20690,20650,20690,101382
09/18 10:50,20690,20690,20650,20650,62199
09/18 10:45,20670,20690,20650,20690,87410
09/18 10:40,20650,20680,20640,20670,36401
09/18 10:35,20670,20680,20640,20650,73339
09/18 10:30,20700,20700,20670,20670,36571
09/18 10:25,20690,20700,20670,20700,58474
09/18 10:20,20690,20700,20650,20680,120694
09/18 10:15,20730,20730,20670,20700,172198
09/18 10:10,20750,20760,20720,20720,65910
09/18 10:05,20720,20770,20720,20750,83110
09/18 10:00,20740,20740,20700,20720,70219
09/18 09:55,20740,20750,20710,20740,65440
09/18 09:50,20750,20760,20730,20740,88566
09/18 09:45,20780,20780,20740,20750,68677
09/18 09:40,20790,20800,20780,20780,50402
09/18 09:35,20740,20810,20740,20790,138275
09/18 09:30,20750,20770,20730,20740,189212
09/18 09:25,20780,20780,20750,20750,118725
09/18 09:20,20810,20820,20770,20780,159826
09/18 09:15,20740,20820,20740,20820,275232
09/18 09:10,20710,20760,20690,20740,228625
09/18 09:05,20700,20740,20670,20710,302887
09/17 15:01,20700,20700,20700,20700,49662
09/17 15:00,20690,20700,20670,20690,154971
09/17 14:55,20700,20710,20690,20690,14950
09/17 14:50,20720,20720,20700,20700,86560
09/17 14:45,20710,20730,20700,20720,116519
09/17 14:40,20700,20710,20690,20710,11911
09/17 14:35,20700,20710,20690,20700,55405
09/17 14:30,20690,20710,20690,20700,54564
09/17 14:25,20710,20710,20690,20690,61059
09/17 14:20,20710,20710,20700,20710,39405
09/17 14:15,20710,20720,20690,20710,71735
09/17 14:10,20700,20730,20690,20710,91213
09/17 14:05,20660,20700,20650,20700,31809
09/17 14:00,20670,20680,20660,20660,44006
09/17 13:55,20690,20700,20670,20680,46455
09/17 13:50,20690,20710,20690,20700,20016
09/17 13:45,20700,20710,20690,20690,11803
09/17 13:40,20720,20720,20690,20700,19789
09/17 13:35,20700,20720,20700,20710,36961
09/17 13:30,20690,20700,20690,20700,20807
09/17 13:25,20700,20710,20690,20690,16702
09/17 13:20,20700,20710,20690,20690,57449
09/17 13:15,20690,20700,20690,20700,16498
09/17 13:10,20720,20730,20690,20690,73963
09/17 13:05,20700,20720,20690,20710,112821
09/17 13:00,20710,20710,20690,20700,64367
09/17 12:55,20710,20710,20690,20700,23822
09/17 12:50,20670,20720,20670,20710,118891
09/17 12:45,20670,20700,20670,20680,54385
09/17 12:40,20660,20690,20660,20670,104639
09/17 12:35,20630,20670,20580,20660,329239
09/17 11:35,20690,20700,20690,20700,25646
09/17 11:30,20690,20700,20670,20690,136889
09/17 11:25,20690,20700,20680,20690,92304
09/17 11:20,20710,20710,20690,20700,88459
09/17 11:15,20690,20720,20690,20710,88089
09/17 11:10,20700,20710,20680,20690,45382
09/17 11:05,20680,20710,20660,20700,176140
09/17 11:00,20730,20740,20670,20680,389554
09/17 10:55,20770,20770,20720,20740,121974
09/17 10:50,20800,20810,20770,20770,45132
09/17 10:45,20840,20840,20790,20800,96404
09/17 10:40,20860,20860,20830,20840,33612
09/17 10:35,20820,20880,20820,20860,124809
09/17 10:30,20820,20840,20820,20820,49473
09/17 10:25,20830,20840,20810,20820,57448
09/17 10:20,20770,20840,20760,20830,154918
09/17 10:15,20760,20770,20750,20760,17569
09/17 10:10,20770,20770,20750,20770,34607
09/17 10:05,20730,20780,20730,20770,77666
09/17 10:00,20760,20760,20740,20740,34913
09/17 09:55,20740,20760,20720,20760,58376
09/17 09:50,20770,20770,20720,20740,68857
09/17 09:45,20720,20780,20710,20770,116361
09/17 09:40,20700,20730,20700,20720,81668
09/17 09:35,20720,20720,20690,20710,88719
09/17 09:30,20690,20730,20680,20720,193454
09/17 09:25,20820,20830,20690,20700,434408
09/17 09:20,20850,20860,20820,20830,184765
09/17 09:15,20880,20880,20840,20850,154977
09/17 09:10,20870,20900,20860,20880,103328
09/17 09:05,20860,20880,20830,20870,353730
09/16 15:01,20940,20960,20940,20960,50182
09/16 15:00,20940,20940,20930,20940,89872
09/16 14:55,20950,20960,20930,20940,84239
09/16 14:50,20950,20950,20930,20940,49000
09/16 14:45,20960,20970,20940,20950,47365
09/16 14:40,20960,20970,20950,20960,35023
09/16 14:35,20950,20970,20950,20960,42842
09/16 14:30,20950,20950,20940,20940,10661
09/16 14:25,20940,20950,20940,20940,9540
09/16 14:20,20940,20950,20930,20940,73303
09/16 14:15,20940,20950,20930,20950,37842
09/16 14:10,20950,20960,20930,20950,78795
09/16 14:05,20960,20960,20950,20950,41311
09/16 14:00,20970,20980,20960,20960,58009
09/16 13:55,20970,20980,20970,20980,1366
09/16 13:50,20970,20980,20970,20970,19550
09/16 13:45,20980,20980,20970,20980,1949
09/16 13:40,20980,20980,20970,20980,16881
09/16 13:35,20980,20980,20970,20980,74348
09/16 13:30,20980,20980,20970,20980,59649
09/16 13:25,20990,20990,20980,20980,17676
09/16 13:20,20990,20990,20980,20990,5250
09/16 13:15,20980,20990,20980,20990,2723
09/16 13:10,20970,20990,20970,20980,17261
09/16 13:05,20980,20990,20970,20970,11290
09/16 13:00,20970,20980,20960,20980,28700
09/16 12:55,20970,20980,20960,20970,14292
09/16 12:50,20970,20980,20960,20970,10316
09/16 12:45,20980,20990,20960,20980,21124
09/16 12:40,20980,20990,20970,20980,31880
09/16 12:35,20990,21000,20970,20980,87356
09/16 11:35,20980,20980,20980,20980,4550
09/16 11:30,20970,20980,20970,20980,28410
09/16 11:25,20980,20980,20960,20970,69978
09/16 11:20,20990,20990,20970,20980,16319
09/16 11:15,21000,21000,20970,20980,48280
09/16 11:10,21000,21000,20980,20990,24367
09/16 11:05,20970,21000,20970,20990,113085
09/16 11:00,20960,20970,20950,20970,52695
09/16 10:55,20940,20960,20940,20960,54703
09/16 10:50,20950,20950,20940,20940,6220
09/16 10:45,20950,20960,20940,20950,78012
09/16 10:40,20930,20950,20930,20940,81499
09/16 10:35,20900,20940,20900,20930,155701
09/16 10:30,20890,20910,20890,20910,37934
09/16 10:25,20880,20900,20880,20900,84190
09/16 10:20,20860,20890,20850,20880,53857
09/16 10:15,20900,20900,20860,20860,46055
09/16 10:10,20890,20910,20870,20900,72503
09/16 10:05,20910,20920,20890,20900,47447
09/16 10:00,20910,20930,20900,20920,102213
09/16 09:55,20910,20920,20900,20910,102253
09/16 09:50,20910,20930,20900,20910,57040
09/16 09:45,20920,20930,20910,20920,52841
09/16 09:40,20890,20910,20880,20910,62383
09/16 09:35,20870,20890,20860,20890,39048
09/16 09:30,20880,20890,20860,20870,40818
09/16 09:25,20860,20890,20850,20880,111971
09/16 09:20,20840,20870,20820,20860,93422
09/16 09:15,20850,20880,20830,20840,163429
09/16 09:10,20870,20870,20830,20850,152591
09/16 09:05,20880,20890,20860,20870,118069
09/15 15:01,20900,20900,20890,20890,59660
09/15 15:00,20890,20900,20880,20890,186137
09/15 14:55,20890,20900,20880,20890,30380
09/15 14:50,20890,20900,20880,20890,29163
09/15 14:45,20900,20900,20870,20890,81708
09/15 14:40,20900,20910,20890,20890,29691
09/15 14:35,20910,20920,20900,20900,40784
09/15 14:30,20920,20920,20900,20910,15210
09/15 14:25,20910,20920,20900,20920,23742
09/15 14:20,20910,20920,20900,20910,36809
09/15 14:15,20940,20940,20900,20910,164706
09/15 14:10,20950,20970,20930,20930,122147
09/15 14:05,20940,20960,20940,20950,143588
09/15 14:00,20920,20940,20920,20940,68276
09/15 13:55,20910,20920,20900,20920,93406
09/15 13:50,20900,20920,20900,20910,86279
09/15 13:45,20890,20910,20890,20910,56084
09/15 13:40,20880,20900,20880,20890,47144
09/15 13:35,20870,20880,20870,20880,164342
09/15 13:30,20880,20880,20870,20880,964
09/15 13:25,20860,20880,20860,20880,120384
09/15 13:20,20870,20870,20860,20870,38960
09/15 13:15,20860,20870,20850,20860,27737
09/15 13:10,20860,20870,20860,20860,27687
09/15 13:05,20860,20870,20850,20860,23977
09/15 13:00,20870,20870,20850,20860,21497
09/15 12:55,20850,20870,20850,20870,35784
09/15 12:50,20860,20860,20850,20850,3383
09/15 12:45,20840,20860,20840,20860,14970
09/15 12:40,20860,20860,20840,20840,61510
09/15 12:35,20880,20880,20860,20870,63003
09/15 11:35,20880,20880,20880,20880,8955
09/15 11:30,20870,20880,20860,20880,25507
09/15 11:25,20850,20880,20840,20870,55281
09/15 11:20,20830,20860,20830,20850,45439
09/15 11:15,20840,20850,20830,20830,44454
09/15 11:10,20830,20840,20820,20840,42584
09/15 11:05,20810,20840,20810,20830,69686
09/15 11:00,20790,20810,20790,20810,47973
09/15 10:55,20790,20800,20780,20790,39996
09/15 10:50,20780,20800,20780,20790,19070
09/15 10:45,20780,20790,20780,20780,49644
09/15 10:40,20780,20780,20750,20780,93341
09/15 10:35,20780,20810,20770,20780,65432
09/15 10:30,20810,20810,20780,20780,37561
09/15 10:25,20820,20830,20800,20810,37559
09/15 10:20,20770,20830,20760,20820,111101
09/15 10:15,20770,20790,20770,20780,44436
09/15 10:10,20770,20770,20750,20770,34069
09/15 10:05,20760,20790,20750,20770,70636
09/15 10:00,20790,20790,20750,20770,58850
09/15 09:55,20770,20800,20760,20790,140971
09/15 09:50,20800,20800,20770,20780,99639
09/15 09:45,20800,20810,20790,20800,15912
09/15 09:40,20810,20810,20790,20800,38740
09/15 09:35,20830,20830,20770,20810,250336
09/15 09:30,20790,20830,20780,20830,168588
09/15 09:25,20800,20810,20770,20790,129337
09/15 09:20,20810,20830,20770,20790,249502
09/15 09:15,20920,20930,20770,20800,467824
09/15 09:10,20950,20950,20920,20920,163279
09/15 09:05,20930,20950,20900,20950,353868
09/14 15:01,21110,21110,21110,21110,60129
09/14 15:00,21110,21120,21090,21090,113584
09/14 14:55,21110,21120,21100,21110,70668
09/14 14:50,21100,21120,21090,21110,81430
09/14 14:45,21090,21100,21080,21100,77861
09/14 14:40,21060,21090,21050,21090,59548
09/14 14:35,21090,21090,21050,21060,108641
09/14 14:30,21080,21090,21080,21080,65122
09/14 14:25,21060,21080,21060,21080,17619
09/14 14:20,21070,21070,21060,21060,12378
09/14 14:15,21100,21100,21060,21080,56854
09/14 14:10,21100,21110,21090,21100,27865
09/14 14:05,21110,21110,21100,21100,3482
09/14 14:00,21110,21120,21100,21110,16095
09/14 13:55,21100,21120,21100,21110,4637
09/14 13:50,21100,21110,21100,21110,16601
09/14 13:45,21110,21120,21100,21100,22469
09/14 13:40,21110,21120,21110,21120,28120
09/14 13:35,21100,21110,21100,21110,26724
09/14 13:30,21090,21110,21080,21100,44109
09/14 13:25,21090,21090,21080,21090,18700
09/14 13:20,21080,21100,21080,21100,17800
09/14 13:15,21090,21090,21080,21080,16414
09/14 13:10,21090,21100,21080,21090,28229
09/14 13:05,21110,21110,21090,21100,14591
09/14 13:00,21100,21110,21100,21110,76333
09/14 12:55,21100,21110,21100,21110,3214
09/14 12:50,21110,21110,21100,21100,4820
09/14 12:45,21110,21130,21100,21110,22957
09/14 12:40,21100,21120,21090,21110,65533
09/14 12:35,21100,21120,21100,21100,71762
09/14 11:35,21140,21140,21140,21140,4752
09/14 11:30,21140,21150,21130,21140,69182
09/14 11:25,21120,21150,21120,21140,76868
09/14 11:20,21120,21130,21110,21120,35633
09/14 11:15,21120,21140,21120,21130,38625
09/14 11:10,21110,21130,21110,21120,162662
09/14 11:05,21090,21110,21090,21110,33179
09/14 11:00,21110,21120,21090,21090,83659
09/14 10:55,21100,21110,21090,21110,34652
09/14 10:50,21090,21110,21080,21100,86550
09/14 10:45,21080,21100,21070,21090,46793
09/14 10:40,21080,21090,21070,21080,27073
09/14 10:35,21050,21090,21050,21070,92890
09/14 10:30,21040,21060,21030,21050,32695
09/14 10:25,21050,21050,21020,21040,130109
09/14 10:20,21080,21080,21050,21050,52511
09/14 10:15,21120,21120,21070,21080,58626
09/14 10:10,21060,21120,21050,21120,176597
09/14 10:05,21050,21070,21040,21060,92764
09/14 10:00,21060,21080,21050,21060,24297
09/14 09:55,21080,21080,21050,21070,37277
09/14 09:50,21060,21080,21060,21080,39654
09/14 09:45,21050,21070,21040,21050,34995
09/14 09:40,21050,21070,21040,21050,68218
09/14 09:35,21050,21070,21030,21050,106980
09/14 09:30,21050,21070,21050,21060,53868
09/14 09:25,21080,21090,21040,21050,88171
09/14 09:20,21100,21110,21070,21080,147946
09/14 09:15,21090,21110,21080,21100,173239
09/14 09:10,21070,21120,21050,21080,368805
09/14 09:05,21020,21080,21020,21070,348722
09/11 15:01,20800,20810,20800,20810,85130
09/11 15:00,20800,20800,20780,20800,178135
09/11 14:55,20810,20810,20790,20800,87729
09/11 14:50,20820,20830,20800,20810,65295
09/11 14:45,20830,20840,20810,20820,123253
09/11 14:40,20840,20850,20820,20830,79177
09/11 14:35,20820,20850,20820,20840,79982
09/11 14:30,20820,20830,20800,20820,70255
09/11 14:25,20780,20820,20780,20820,84535
09/11 14:20,20770,20800,20770,20780,104830
09/11 14:15,20760,20790,20760,20770,28987
09/11 14:10,20770,20780,20760,20760,56331
09/11 14:05,20750,20780,20740,20770,88020
09/11 14:00,20750,20770,20750,20750,47413
09/11 13:55,20760,20770,20740,20750,27725
09/11 13:50,20740,20780,20740,20750,72094
09/11 13:45,20730,20750,20720,20740,18402
09/11 13:40,20710,20730,20710,20720,19526
09/11 13:35,20750,20760,20700,20710,90943
09/11 13:30,20730,20770,20730,20750,128043
09/11 13:25,20680,20740,20670,20730,169872
09/11 13:20,20680,20680,20670,20680,30609
09/11 13:15,20680,20690,20660,20670,34761
09/11 13:10,20670,20680,20660,20680,60009
09/11 13:05,20650,20670,20640,20670,49340
09/11 13:00,20650,20660,20630,20650,33869
09/11 12:55,20650,20660,20640,20650,35262
09/11 12:50,20670,20670,20650,20660,50173
09/11 12:45,20670,20680,20670,20670,27382
09/11 12:40,20650,20690,20640,20680,99441
09/11 12:35,20630,20660,20590,20650,107560
09/11 11:35,20640,20640,20640,20640,5771
09/11 11:30,20650,20660,20650,20650,41195
09/11 11:25,20650,20660,20640,20640,51460
09/11 11:20,20660,20660,20640,20650,38719
09/11 11:15,20650,20670,20650,20650,26482
09/11 11:10,20640,20670,20640,20650,75656
09/11 11:05,20640,20670,20630,20630,65072
09/11 11:00,20620,20650,20620,20640,42563
09/11 10:55,20610,20630,20600,20620,66163
09/11 10:50,20610,20610,20580,20600,153274
09/11 10:45,20640,20660,20610,20610,81235
09/11 10:40,20690,20700,20630,20640,88136
09/11 10:35,20650,20690,20640,20690,147093
09/11 10:30,20670,20680,20640,20650,58625
09/11 10:25,20660,20680,20640,20670,63123
09/11 10:20,20690,20710,20660,20660,88279
09/11 10:15,20640,20710,20630,20690,214491
09/11 10:10,20650,20660,20630,20640,137071
09/11 10:05,20540,20650,20540,20640,250176
09/11 10:00,20520,20540,20510,20540,129799
09/11 09:55,20520,20540,20500,20520,148993
09/11 09:50,20500,20520,20490,20520,112176
09/11 09:45,20510,20520,20490,20500,51326
09/11 09:40,20500,20510,20470,20510,54476
09/11 09:35,20500,20510,20480,20500,64455
09/11 09:30,20550,20560,20510,20510,121763
09/11 09:25,20520,20560,20520,20550,163934
09/11 09:20,20470,20530,20470,20520,145079
09/11 09:15,20480,20500,20450,20470,85908
09/11 09:10,20430,20530,20430,20470,155637
09/11 09:05,20470,20550,20430,20440,461154
09/10 15:01,20530,20550,20530,20550,51019
09/10 15:00,20540,20550,20530,20530,138406
09/10 14:55,20520,20540,20510,20530,129478
09/10 14:50,20500,20520,20490,20510,81236
09/10 14:45,20510,20530,20500,20500,97170
09/10 14:40,20500,20520,20500,20510,17961
09/10 14:35,20510,20520,20500,20500,91662
09/10 14:30,20500,20520,20490,20510,90790
09/10 14:25,20470,20510,20470,20500,168869
09/10 14:20,20460,20470,20450,20460,57401
09/10 14:15,20440,20450,20440,20450,11636
09/10 14:10,20450,20460,20440,20440,10668
09/10 14:05,20440,20460,20440,20450,31886
09/10 14:00,20430,20450,20430,20440,10561
09/10 13:55,20430,20440,20420,20440,20710
09/10 13:50,20440,20450,20430,20430,51823
09/10 13:45,20430,20450,20430,20440,61088
09/10 13:40,20440,20450,20430,20430,15658
09/10 13:35,20420,20450,20420,20440,28653
09/10 13:30,20420,20430,20420,20420,9330
09/10 13:25,20410,20430,20410,20420,13105
09/10 13:20,20440,20450,20410,20410,20603
09/10 13:15,20440,20450,20430,20440,60673
09/10 13:10,20440,20450,20430,20440,17473
09/10 13:05,20440,20440,20420,20430,42815
09/10 13:00,20460,20470,20440,20440,21581
09/10 12:55,20450,20470,20450,20460,30448
09/10 12:50,20480,20490,20450,20450,62880
09/10 12:45,20470,20480,20460,20480,72195
09/10 12:40,20450,20480,20440,20480,136239
09/10 12:35,20420,20450,20420,20440,286698
09/10 11:35,20400,20400,20400,20400,4813
09/10 11:30,20370,20400,20360,20400,53545
09/10 11:25,20360,20370,20350,20360,18502
09/10 11:20,20360,20380,20360,20360,46706
09/10 11:15,20400,20400,20360,20360,215888
09/10 11:10,20390,20410,20390,20390,76106
09/10 11:05,20410,20420,20370,20390,96325
09/10 11:00,20420,20420,20400,20410,136572
09/10 10:55,20400,20420,20390,20410,23801
09/10 10:50,20410,20410,20380,20400,110502
09/10 10:45,20410,20430,20400,20410,48823
09/10 10:40,20430,20430,20380,20410,170389
09/10 10:35,20460,20470,20420,20430,129274
09/10 10:30,20450,20490,20450,20470,123558
09/10 10:25,20460,20460,20430,20450,85087
09/10 10:20,20480,20490,20440,20460,100314
09/10 10:15,20490,20500,20460,20470,119608
09/10 10:10,20480,20500,20480,20480,58600
09/10 10:05,20460,20480,20450,20480,88994
09/10 10:00,20490,20500,20470,20470,110938
09/10 09:55,20490,20500,20480,20490,51740
09/10 09:50,20480,20510,20480,20480,39949
09/10 09:45,20470,20510,20470,20470,89145
09/10 09:40,20460,20470,20440,20470,98030
09/10 09:35,20510,20530,20440,20450,171354
09/10 09:30,20480,20530,20470,20520,383332
09/10 09:25,20480,20480,20460,20470,118089
09/10 09:20,20450,20480,20430,20480,243972
09/10 09:15,20450,20470,20440,20440,69781
09/10 09:10,20490,20490,20430,20440,196344
09/10 09:05,20490,20500,20450,20480,467732
09/09 15:01,20190,20190,20190,20190,77800
09/09 15:00,20190,20200,20170,20170,195334
09/09 14:55,20210,20230,20190,20190,92224
09/09 14:50,20210,20230,20200,20200,175695
09/09 14:45,20210,20210,20190,20200,81749
09/09 14:40,20190,20210,20190,20210,61420
09/09 14:35,20190,20210,20180,20190,117262
09/09 14:30,20200,20220,20190,20190,131108
09/09 14:25,20200,20210,20190,20210,55411
09/09 14:20,20200,20210,20190,20200,55808
09/09 14:15,20170,20200,20160,20200,144857
09/09 14:10,20160,20180,20140,20170,125971
09/09 14:05,20130,20160,20120,20150,128150
09/09 14:00,20130,20150,20120,20140,144094
09/09 13:55,20110,20130,20110,20130,42471
09/09 13:50,20140,20150,20100,20110,83106
09/09 13:45,20140,20150,20120,20130,52529
09/09 13:40,20140,20160,20110,20140,148292
09/09 13:35,20090,20150,20070,20140,212313
09/09 13:30,20080,20090,20060,20090,98213
09/09 13:25,20050,20080,20050,20070,107052
09/09 13:20,20010,20060,20010,20050,90968
09/09 13:15,20010,20010,20000,20010,72472
09/09 13:10,20020,20030,20010,20020,16864
09/09 13:05,20040,20040,20010,20010,30889
09/09 13:00,20030,20040,20030,20040,7769
09/09 12:55,20030,20040,20020,20030,37011
09/09 12:50,20030,20040,20010,20030,93877
09/09 12:45,20040,20040,20010,20030,100218
09/09 12:40,20020,20040,20020,20040,82258
09/09 12:35,20010,20030,19990,20020,125517
09/09 11:35,19980,19980,19980,19980,5195
09/09 11:30,19960,19980,19940,19970,62497
09/09 11:25,19950,19970,19940,19970,36085
09/09 11:20,19960,19970,19930,19950,124439
09/09 11:15,19940,19980,19930,19970,50794
09/09 11:10,19960,19980,19930,19940,147553
09/09 11:05,20020,20020,19950,19960,121365
09/09 11:00,20010,20040,19990,20020,162904
09/09 10:55,19990,20010,19960,20000,75886
09/09 10:50,19980,19990,19960,19990,47365
09/09 10:45,19980,19990,19950,19990,51572
09/09 10:40,19950,19990,19950,19980,91969
09/09 10:35,19960,19980,19920,19950,195424
09/09 10:30,20000,20010,19970,19970,101423
09/09 10:25,19990,20010,19980,20010,102185
09/09 10:20,19980,20010,19950,19990,181688
09/09 10:15,19930,19990,19920,19980,186809
09/09 10:10,20020,20030,19920,19930,371976
09/09 10:05,20060,20060,20000,20020,155264
09/09 10:00,20020,20060,20010,20060,129087
09/09 09:55,20040,20060,20010,20020,238598
09/09 09:50,20070,20080,20030,20040,193892
09/09 09:45,20090,20090,20060,20080,129299
09/09 09:40,20050,20100,20050,20090,146824
09/09 09:35,20040,20070,20020,20050,157271
09/09 09:30,20060,20070,20030,20040,173113
09/09 09:25,20070,20110,20050,20060,284083
09/09 09:20,20060,20090,20030,20070,217548
09/09 09:15,20030,20070,20020,20060,224575
09/09 09:10,20100,20100,20020,20040,543348
09/09 09:05,20060,20110,20050,20090,612979
09/08 15:01,20630,20630,20630,20630,129206
09/08 15:00,20570,20610,20550,20610,188980
09/08 14:55,20580,20580,20540,20570,92058
09/08 14:50,20550,20580,20540,20570,72266
09/08 14:45,20530,20550,20530,20550,23890
09/08 14:40,20540,20560,20530,20540,100648
09/08 14:35,20540,20540,20520,20540,56275
09/08 14:30,20520,20540,20520,20530,44434
09/08 14:25,20510,20530,20500,20520,46198
09/08 14:20,20490,20510,20490,20510,92114
09/08 14:15,20490,20490,20480,20490,46155
09/08 14:10,20490,20490,20480,20490,13350
09/08 14:05,20490,20500,20480,20490,86159
09/08 14:00,20480,20490,20480,20490,34408
09/08 13:55,20490,20500,20480,20480,46099
09/08 13:50,20480,20500,20480,20490,46233
09/08 13:45,20480,20490,20470,20470,58056
09/08 13:40,20500,20500,20480,20490,80179
09/08 13:35,20500,20510,20490,20500,29243
09/08 13:30,20500,20510,20490,20500,23184
09/08 13:25,20510,20510,20490,20500,15536
09/08 13:20,20500,20520,20490,20510,60836
09/08 13:15,20480,20500,20480,20490,60433
09/08 13:10,20500,20500,20470,20480,47444
09/08 13:05,20510,20510,20490,20500,36347
09/08 13:00,20490,20510,20480,20500,55782
09/08 12:55,20480,20490,20470,20490,26883
09/08 12:50,20490,20500,20480,20480,8640
09/08 12:45,20480,20500,20470,20490,31324
09/08 12:40,20470,20490,20460,20470,57318
09/08 12:35,20450,20470,20430,20460,152152
09/08 11:35,20490,20490,20490,20490,5424
09/08 11:30,20520,20530,20490,20500,36352
09/08 11:25,20500,20520,20500,20510,46532
09/08 11:20,20500,20520,20500,20500,73243
09/08 11:15,20510,20520,20490,20490,39192
09/08 11:10,20500,20520,20500,20510,94749
09/08 11:05,20450,20500,20450,20490,163083
09/08 11:00,20440,20460,20430,20450,21347
09/08 10:55,20420,20460,20420,20440,110293
09/08 10:50,20430,20450,20410,20430,53181
09/08 10:45,20450,20450,20430,20430,84489
09/08 10:40,20450,20450,20420,20440,105778
09/08 10:35,20450,20450,20420,20450,58166
09/08 10:30,20460,20460,20440,20450,37348
09/08 10:25,20450,20470,20440,20450,156424
09/08 10:20,20430,20460,20400,20440,231545
09/08 10:15,20380,20430,20380,20420,72145
09/08 10:10,20390,20390,20350,20380,151708
09/08 10:05,20420,20430,20390,20400,92426
09/08 10:00,20420,20440,20410,20420,60052
09/08 09:55,20430,20440,20420,20420,38468
09/08 09:50,20400,20430,20380,20420,136532
09/08 09:45,20410,20420,20390,20400,71517
09/08 09:40,20420,20440,20400,20410,94068
09/08 09:35,20440,20460,20410,20420,119311
09/08 09:30,20440,20460,20420,20440,84276
09/08 09:25,20410,20450,20400,20440,80569
09/08 09:20,20420,20450,20390,20420,151085
09/08 09:15,20440,20460,20410,20420,83719
09/08 09:10,20430,20470,20430,20440,73210
09/08 09:05,20490,20530,20440,20440,467381
09/07 15:01,20300,20310,20300,20310,62911
09/07 15:00,20320,20320,20300,20310,129040
09/07 14:55,20320,20340,20310,20320,102484
09/07 14:50,20330,20340,20310,20320,74850
09/07 14:45,20300,20320,20300,20320,20920
09/07 14:40,20340,20350,20290,20300,123443
09/07 14:35,20330,20350,20320,20340,104123
09/07 14:30,20310,20330,20300,20320,49879
09/07 14:25,20330,20330,20320,20320,102282
09/07 14:20,20330,20330,20320,20330,20482
09/07 14:15,20340,20340,20320,20330,27117
09/07 14:10,20350,20370,20330,20340,38757
09/07 14:05,20330,20350,20320,20340,30951
09/07 14:00,20330,20350,20330,20330,10619
09/07 13:55,20350,20350,20320,20320,35757
09/07 13:50,20380,20380,20330,20350,68218
09/07 13:45,20360,20380,20350,20380,61575
09/07 13:40,20370,20370,20350,20360,16218
09/07 13:35,20360,20360,20340,20360,30635
09/07 13:30,20370,20370,20330,20350,130776
09/07 13:25,20370,20370,20360,20370,23432
09/07 13:20,20360,20370,20360,20360,5073
09/07 13:15,20390,20400,20360,20370,126241
09/07 13:10,20400,20400,20370,20380,63501
09/07 13:05,20410,20410,20390,20400,74115
09/07 13:00,20400,20430,20390,20420,15880
09/07 12:55,20430,20430,20390,20400,41346
09/07 12:50,20410,20440,20410,20430,82220
09/07 12:45,20410,20420,20400,20410,44138
09/07 12:40,20420,20420,20400,20410,32071
09/07 12:35,20420,20430,20380,20410,152108
09/07 11:35,20360,20360,20360,20360,14703
09/07 11:30,20340,20380,20340,20380,70905
09/07 11:25,20320,20340,20310,20330,67361
09/07 11:20,20360,20360,20320,20320,186979
09/07 11:15,20410,20420,20350,20360,183758
09/07 11:10,20430,20440,20410,20410,71757
09/07 11:05,20460,20480,20420,20430,119672
09/07 11:00,20460,20470,20450,20460,19757
09/07 10:55,20510,20510,20470,20470,52512
09/07 10:50,20490,20510,20490,20500,34512
09/07 10:45,20500,20510,20480,20480,149742
09/07 10:40,20480,20490,20450,20490,64948
09/07 10:35,20460,20490,20450,20480,88382
09/07 10:30,20460,20460,20440,20460,67889
09/07 10:25,20410,20450,20400,20450,66095
09/07 10:20,20460,20480,20410,20410,94906
09/07 10:15,20490,20500,20450,20460,101081
09/07 10:10,20500,20510,20480,20480,78649
09/07 10:05,20470,20510,20460,20490,182591
09/07 10:00,20490,20500,20440,20470,77559
09/07 09:55,20510,20520,20480,20490,62841
09/07 09:50,20450,20520,20440,20510,224211
09/07 09:45,20400,20460,20400,20440,161161
09/07 09:40,20420,20440,20400,20400,108579
09/07 09:35,20340,20440,20320,20420,180387
09/07 09:30,20340,20380,20320,20340,127208
09/07 09:25,20310,20350,20310,20340,69203
09/07 09:20,20310,20330,20290,20310,268450
09/07 09:15,20350,20350,20300,20310,206216
09/07 09:10,20340,20380,20320,20350,261424
09/07 09:05,20380,20380,20300,20330,337954
09/04 15:01,20480,20480,20480,20480,83639
09/04 15:00,20470,20480,20450,20470,174315
09/04 14:55,20470,20480,20450,20470,91216
09/04 14:50,20460,20490,20450,20470,130269
09/04 14:45,20420,20460,20420,20450,96035
09/04 14:40,20420,20450,20410,20420,143468
09/04 14:35,20450,20450,20410,20420,89023
09/04 14:30,20430,20450,20430,20450,54596
09/04 14:25,20430,20450,20400,20430,104533
09/04 14:20,20450,20460,20430,20440,47780
09/04 14:15,20480,20480,20450,20450,47487
09/04 14:10,20470,20490,20460,20470,56858
09/04 14:05,20470,20470,20460,20460,54137
09/04 14:00,20480,20480,20460,20470,138144
09/04 13:55,20420,20490,20420,20480,199809
09/04 13:50,20430,20430,20410,20420,43065
09/04 13:45,20430,20440,20410,20420,62739
09/04 13:40,20420,20430,20410,20430,65873
09/04 13:35,20400,20430,20400,20410,211791
09/04 13:30,20380,20400,20380,20400,15449
09/04 13:25,20390,20410,20370,20380,43465
09/04 13:20,20390,20410,20380,20390,100040
09/04 13:15,20410,20420,20360,20390,405352
09/04 13:10,20440,20440,20400,20410,112209
09/04 13:05,20420,20450,20410,20440,61530
09/04 13:00,20430,20440,20410,20410,89042
09/04 12:55,20480,20490,20430,20430,153143
09/04 12:50,20450,20480,20440,20480,67345
09/04 12:45,20480,20490,20440,20450,187340
09/04 12:40,20490,20500,20450,20470,122808
09/04 12:35,20490,20500,20460,20480,219208
09/04 11:35,20560,20560,20560,20560,6038
09/04 11:30,20560,20570,20550,20550,42254
09/04 11:25,20570,20580,20560,20570,76029
09/04 11:20,20520,20590,20510,20570,166591
09/04 11:15,20480,20520,20480,20510,71462
09/04 11:10,20520,20530,20480,20490,269166
09/04 11:05,20520,20530,20500,20520,121404
09/04 11:00,20530,20530,20500,20510,131079
09/04 10:55,20530,20540,20510,20530,127663
09/04 10:50,20510,20550,20510,20530,72771
09/04 10:45,20490,20520,20480,20510,66412
09/04 10:40,20480,20500,20460,20480,119313
09/04 10:35,20490,20520,20440,20480,124434
09/04 10:30,20510,20520,20460,20500,89959
09/04 10:25,20510,20510,20460,20510,162882
09/04 10:20,20560,20560,20500,20520,140843
09/04 10:15,20560,20580,20540,20560,162414
09/04 10:10,20550,20590,20540,20560,188904
09/04 10:05,20460,20580,20460,20550,332170
09/04 10:00,20450,20470,20440,20460,187070
09/04 09:55,20420,20450,20410,20450,145066
09/04 09:50,20400,20440,20390,20430,119211
09/04 09:45,20410,20430,20390,20400,207140
09/04 09:40,20450,20450,20390,20410,207838
09/04 09:35,20410,20450,20380,20450,263612
09/04 09:30,20400,20440,20390,20410,265008
09/04 09:25,20380,20400,20350,20390,163777
09/04 09:20,20350,20400,20330,20380,194194
09/04 09:15,20430,20450,20330,20350,515533
09/04 09:10,20370,20450,20360,20430,476250
09/04 09:05,20320,20390,20300,20380,616895
09/03 15:01,20950,20950,20950,20950,60143
09/03 15:00,20940,20970,20910,20930,97303
09/03 14:55,20940,20950,20920,20940,146783
09/03 14:50,20940,20940,20910,20930,186358
09/03 14:45,20960,20980,20930,20930,79388
09/03 14:40,20970,20980,20960,20960,194220
09/03 14:35,21000,21000,20960,20970,83099
09/03 14:30,21000,21020,21000,21010,75427
09/03 14:25,21000,21010,20990,21000,23602
09/03 14:20,20980,21010,20970,21000,54637
09/03 14:15,21020,21020,20990,20990,59008
09/03 14:10,20980,21020,20980,21020,41557
09/03 14:05,21010,21020,20980,20980,57867
09/03 14:00,21020,21020,20990,21020,68123
09/03 13:55,21050,21050,21010,21010,102334
09/03 13:50,21040,21060,21020,21050,44507
09/03 13:45,21020,21040,21020,21030,46377
09/03 13:40,21030,21040,21010,21020,32440
09/03 13:35,21040,21040,21020,21030,26444
09/03 13:30,21030,21040,21030,21040,11903
09/03 13:25,21040,21040,21020,21040,49268
09/03 13:20,21070,21070,21030,21040,78916
09/03 13:15,21090,21090,21070,21070,26219
09/03 13:10,21060,21110,21060,21090,81739
09/03 13:05,21100,21100,21060,21060,153807
09/03 13:00,21080,21100,21070,21090,39455
09/03 12:55,21090,21100,21080,21080,50649
09/03 12:50,21080,21100,21060,21090,74958
09/03 12:45,21060,21090,21050,21080,58594
09/03 12:40,21070,21080,21050,21060,91022
09/03 12:35,21000,21080,20980,21080,268516
09/03 11:35,21110,21110,21110,21110,8476
09/03 11:30,21120,21130,21090,21110,131874
09/03 11:25,21090,21120,21090,21110,183873
09/03 11:20,21110,21110,21080,21080,64619
09/03 11:15,21120,21130,21100,21110,83731
09/03 11:10,21080,21130,21080,21110,174786
09/03 11:05,21090,21100,21060,21080,66911
09/03 11:00,21060,21100,21040,21090,125716
09/03 10:55,21050,21090,21050,21060,220502
09/03 10:50,21010,21060,21000,21040,181721
09/03 10:45,20980,21020,20970,21000,135928
09/03 10:40,20910,20980,20900,20980,132828
09/03 10:35,20960,20970,20890,20910,116399
09/03 10:30,20960,20980,20950,20970,87034
09/03 10:25,20910,20960,20900,20960,115601
09/03 10:20,20910,20920,20890,20910,125129
09/03 10:15,20930,20930,20900,20920,116509
09/03 10:10,20930,20940,20900,20920,87288
09/03 10:05,20950,20960,20920,20930,155494
09/03 10:00,20990,21020,20950,20950,155950
09/03 09:55,20990,21020,20970,20990,142770
09/03 09:50,21030,21030,20980,20990,126570
09/03 09:45,21040,21050,21010,21020,177122
09/03 09:40,21060,21070,21040,21040,155962
09/03 09:35,21080,21090,21020,21060,162649
09/03 09:30,21080,21090,21050,21080,164570
09/03 09:25,21080,21140,21070,21080,234954
09/03 09:20,21120,21120,21070,21080,215649
09/03 09:15,21110,21140,21100,21120,201264
09/03 09:10,21130,21140,21070,21110,298021
09/03 09:05,21100,21150,21090,21140,616560
09/02 15:01,20570,20570,20570,20570,56438
09/02 15:00,20550,20570,20530,20570,120970
09/02 14:55,20550,20560,20540,20550,35410
09/02 14:50,20560,20560,20550,20550,23157
09/02 14:45,20550,20570,20550,20550,58560
09/02 14:40,20540,20550,20520,20550,82690
09/02 14:35,20520,20540,20510,20530,34400
09/02 14:30,20510,20530,20510,20520,41202
09/02 14:25,20510,20520,20510,20510,19368
09/02 14:20,20500,20520,20500,20510,27085
09/02 14:15,20480,20510,20480,20500,49081
09/02 14:10,20470,20490,20460,20490,75373
09/02 14:05,20470,20480,20460,20470,30885
09/02 14:00,20500,20500,20460,20470,54690
09/02 13:55,20510,20510,20500,20500,18541
09/02 13:50,20530,20530,20510,20510,19301
09/02 13:45,20510,20530,20510,20520,34014
09/02 13:40,20510,20520,20500,20510,5321
09/02 13:35,20510,20520,20500,20500,31144
09/02 13:30,20510,20520,20510,20520,44612
09/02 13:25,20500,20510,20480,20510,37679
09/02 13:20,20500,20510,20500,20510,15201
09/02 13:15,20510,20520,20500,20510,32819
09/02 13:10,20490,20520,20490,20510,81059
09/02 13:05,20480,20500,20470,20500,19906
09/02 13:00,20470,20480,20470,20480,104229
09/02 12:55,20470,20480,20460,20460,36143
09/02 12:50,20460,20480,20450,20470,63424
09/02 12:45,20460,20460,20440,20460,41570
09/02 12:40,20470,20470,20450,20460,71026
09/02 12:35,20460,20490,20450,20470,169717
09/02 11:35,20520,20520,20520,20520,6577
09/02 11:30,20550,20550,20500,20510,26632
09/02 11:25,20540,20550,20530,20550,19977
09/02 11:20,20550,20550,20530,20530,38368
09/02 11:15,20520,20550,20510,20550,37463
09/02 11:10,20510,20520,20500,20520,52302
09/02 11:05,20520,20540,20500,20510,59850
09/02 11:00,20550,20550,20530,20530,41763
09/02 10:55,20550,20560,20540,20550,21442
09/02 10:50,20520,20550,20510,20550,32444
09/02 10:45,20550,20550,20510,20520,35365
09/02 10:40,20540,20550,20510,20550,101576
09/02 10:35,20540,20540,20520,20530,105008
09/02 10:30,20560,20570,20540,20540,44702
09/02 10:25,20570,20590,20550,20550,42797
09/02 10:20,20580,20580,20550,20570,74327
09/02 10:15,20590,20590,20570,20570,25388
09/02 10:10,20610,20610,20570,20590,87073
09/02 10:05,20580,20610,20580,20610,31782
09/02 10:00,20580,20600,20570,20590,55532
09/02 09:55,20610,20610,20570,20580,73353
09/02 09:50,20610,20620,20590,20610,80954
09/02 09:45,20590,20630,20590,20610,107302
09/02 09:40,20580,20600,20570,20590,34547
09/02 09:35,20610,20610,20570,20580,116126
09/02 09:30,20590,20600,20570,20600,84511
09/02 09:25,20590,20600,20560,20590,73356
09/02 09:20,20610,20630,20580,20590,170378
09/02 09:15,20590,20640,20580,20620,190216
09/02 09:10,20570,20600,20530,20580,164967
09/02 09:05,20610,20630,20550,20560,430739
09/01 15:01,20380,20390,20370,20390,114833
09/01 15:00,20410,20410,20380,20380,158848
09/01 14:55,20400,20420,20390,20410,46044
09/01 14:50,20370,20400,20360,20400,54454
09/01 14:45,20390,20390,20360,20370,85673
09/01 14:40,20390,20400,20380,20390,26037
09/01 14:35,20410,20410,20380,20400,22448
09/01 14:30,20400,20420,20390,20410,56552
09/01 14:25,20380,20410,20380,20400,64462
09/01 14:20,20380,20390,20370,20380,7617
09/01 14:15,20360,20390,20360,20390,48966
09/01 14:10,20370,20380,20360,20360,10096
09/01 14:05,20370,20380,20360,20370,19508
09/01 14:00,20360,20370,20360,20370,33547
09/01 13:55,20360,20370,20350,20360,70450
09/01 13:50,20380,20380,20360,20370,11182
09/01 13:45,20380,20400,20370,20380,79518
09/01 13:40,20350,20380,20340,20380,31868
09/01 13:35,20360,20380,20350,20350,30353
09/01 13:30,20370,20370,20350,20370,28557
09/01 13:25,20380,20380,20360,20370,16642
09/01 13:20,20360,20380,20350,20380,33527
09/01 13:15,20340,20360,20330,20360,22489
09/01 13:10,20350,20360,20340,20340,28206
09/01 13:05,20340,20370,20340,20350,36270
09/01 13:00,20350,20370,20330,20340,62523
09/01 12:55,20330,20360,20320,20350,63099
09/01 12:50,20310,20330,20290,20330,47353
09/01 12:45,20300,20330,20300,20310,50427
09/01 12:40,20290,20310,20280,20290,76976
09/01 12:35,20400,20410,20290,20290,230223
09/01 11:35,20390,20390,20390,20390,2097
09/01 11:30,20430,20430,20380,20400,36545
09/01 11:25,20420,20430,20410,20430,16866
09/01 11:20,20450,20460,20420,20420,31407
09/01 11:15,20440,20450,20420,20450,44500
09/01 11:10,20490,20500,20430,20430,87408
09/01 11:05,20400,20510,20400,20490,262390
09/01 11:00,20350,20400,20330,20400,83267
09/01 10:55,20370,20370,20350,20360,34627
09/01 10:50,20350,20380,20330,20370,64793
09/01 10:45,20340,20380,20340,20340,83656
09/01 10:40,20310,20360,20310,20350,145412
09/01 10:35,20280,20320,20270,20310,160532
09/01 10:30,20270,20300,20260,20280,59877
09/01 10:25,20280,20280,20240,20270,78492
09/01 10:20,20220,20280,20220,20280,100940
09/01 10:15,20250,20260,20220,20230,133673
09/01 10:10,20280,20300,20240,20260,200410
09/01 10:05,20270,20300,20270,20290,82916
09/01 10:00,20280,20280,20250,20260,123236
09/01 09:55,20310,20320,20260,20280,125952
09/01 09:50,20280,20330,20270,20300,79421
09/01 09:45,20290,20300,20260,20290,153163
09/01 09:40,20320,20320,20280,20290,99585
09/01 09:35,20290,20340,20270,20320,106408
09/01 09:30,20300,20330,20290,20300,129569
09/01 09:25,20270,20330,20260,20290,146715
09/01 09:20,20320,20330,20260,20270,244449
09/01 09:15,20410,20410,20260,20320,298911
09/01 09:10,20340,20430,20330,20420,215012
09/01 09:05,20300,20390,20270,20340,389532
08/31 15:01,20410,20410,20400,20410,66333
08/31 15:00,20490,20500,20400,20400,188399
08/31 14:55,20490,20500,20450,20490,213501
08/31 14:50,20450,20500,20440,20490,110573
08/31 14:45,20430,20470,20420,20450,100069
08/31 14:40,20440,20440,20390,20430,156772
08/31 14:35,20440,20450,20410,20440,103208
08/31 14:30,20480,20510,20440,20440,142190
08/31 14:25,20510,20530,20480,20480,77748
08/31 14:20,20540,20550,20490,20510,131418
08/31 14:15,20550,20580,20530,20540,109019
08/31 14:10,20590,20590,20560,20560,63181
08/31 14:05,20580,20600,20570,20590,64618
08/31 14:00,20620,20620,20580,20580,42088
08/31 13:55,20630,20640,20600,20610,98592
08/31 13:50,20630,20640,20620,20630,25890
08/31 13:45,20640,20640,20620,20630,51568
08/31 13:40,20650,20650,20630,20630,46187
08/31 13:35,20650,20670,20650,20650,21927
08/31 13:30,20650,20660,20640,20660,70276
08/31 13:25,20630,20650,20630,20650,73763
08/31 13:20,20620,20630,20620,20630,55794
08/31 13:15,20640,20640,20620,20620,68957
08/31 13:10,20630,20650,20620,20650,70410
08/31 13:05,20640,20650,20610,20630,66300
08/31 13:00,20630,20640,20620,20640,70322
08/31 12:55,20640,20660,20620,20630,57283
08/31 12:50,20650,20660,20620,20640,105378
08/31 12:45,20640,20670,20630,20650,61464
08/31 12:40,20680,20690,20640,20640,91827
08/31 12:35,20690,20690,20650,20680,139823
08/31 11:35,20710,20710,20710,20710,6131
08/31 11:30,20700,20720,20700,20710,42747
08/31 11:25,20690,20720,20690,20700,55107
08/31 11:20,20710,20710,20680,20700,38200
08/31 11:15,20690,20720,20690,20710,66709
08/31 11:10,20670,20700,20670,20700,68013
08/31 11:05,20660,20680,20650,20670,61297
08/31 11:00,20650,20680,20650,20660,98778
08/31 10:55,20670,20690,20650,20650,47293
08/31 10:50,20680,20700,20670,20670,49622
08/31 10:45,20670,20690,20660,20680,32599
08/31 10:40,20700,20710,20670,20670,73495
08/31 10:35,20690,20740,20680,20690,142965
08/31 10:30,20700,20730,20680,20690,76091
08/31 10:25,20690,20720,20680,20700,82227
08/31 10:20,20660,20710,20660,20700,193672
08/31 10:15,20650,20660,20640,20660,49663
08/31 10:10,20690,20690,20640,20650,66676
08/31 10:05,20670,20700,20640,20690,129974
08/31 10:00,20630,20680,20620,20670,94417
08/31 09:55,20650,20670,20620,20630,211218
08/31 09:50,20650,20680,20640,20650,257672
08/31 09:45,20570,20660,20570,20660,254653
08/31 09:40,20580,20600,20550,20570,156426
08/31 09:35,20510,20600,20510,20580,294738
08/31 09:30,20470,20530,20460,20510,199926
08/31 09:25,20460,20480,20430,20470,172881
08/31 09:20,20470,20510,20450,20460,182397
08/31 09:15,20500,20510,20460,20460,262821
08/31 09:10,20500,20530,20450,20500,525931
08/31 09:05,20450,20500,20430,20500,553835
08/28 15:01,19980,19980,19980,19980,89247
08/28 15:00,19860,20000,19840,19930,408176
08/28 14:55,19760,19890,19710,19860,411139
08/28 14:50,19850,19890,19670,19770,542712
08/28 14:45,20030,20040,19840,19850,494369
08/28 14:40,20020,20100,19980,20040,323364
08/28 14:35,20100,20130,19980,20020,565656
08/28 14:30,20200,20210,19950,20110,695146
08/28 14:25,20020,20310,19920,20220,777610
08/28 14:20,19660,20070,19540,20020,955730
08/28 14:15,19890,20040,19370,19670,2701148
08/28 14:10,20700,20700,19880,19900,1561697
08/28 14:05,20690,20700,20680,20700,46406
08/28 14:00,20670,20690,20660,20690,37350
08/28 13:55,20660,20680,20650,20670,33966
08/28 13:50,20660,20680,20650,20660,38538
08/28 13:45,20650,20660,20630,20650,81441
08/28 13:40,20680,20690,20650,20650,29793
08/28 13:35,20690,20700,20670,20670,53451
08/28 13:30,20670,20690,20670,20690,23656
08/28 13:25,20680,20690,20670,20680,52603
08/28 13:20,20700,20710,20670,20670,36427
08/28 13:15,20720,20720,20690,20700,75789
08/28 13:10,20730,20750,20720,20730,25338
08/28 13:05,20740,20750,20720,20740,19047
08/28 13:00,20730,20760,20720,20740,48658
08/28 12:55,20730,20740,20720,20720,27806
08/28 12:50,20730,20760,20720,20720,78857
08/28 12:45,20760,20770,20720,20720,92590
08/28 12:40,20740,20770,20730,20760,80369
08/28 12:35,20760,20810,20730,20740,397684
08/28 11:35,20660,20660,20660,20660,13051
08/28 11:30,20660,20670,20650,20660,55055
08/28 11:25,20640,20660,20640,20660,73847
08/28 11:20,20670,20680,20640,20640,62581
08/28 11:15,20650,20680,20650,20670,101962
08/28 11:10,20630,20670,20630,20650,109088
08/28 11:05,20630,20640,20610,20630,67337
08/28 11:00,20620,20640,20610,20620,120256
08/28 10:55,20580,20630,20580,20630,88421
08/28 10:50,20590,20610,20570,20580,53848
08/28 10:45,20560,20600,20560,20590,114993
08/28 10:40,20550,20570,20540,20560,93429
08/28 10:35,20520,20550,20500,20550,100896
08/28 10:30,20540,20550,20510,20520,62464
08/28 10:25,20550,20560,20530,20540,54803
08/28 10:20,20580,20620,20540,20540,165275
08/28 10:15,20570,20600,20570,20580,51321
08/28 10:10,20590,20590,20560,20570,95322
08/28 10:05,20560,20600,20540,20590,103892
08/28 10:00,20530,20570,20510,20560,94622
08/28 09:55,20510,20560,20490,20530,192368
08/28 09:50,20580,20590,20510,20510,147070
08/28 09:45,20620,20630,20570,20570,92984
08/28 09:40,20610,20640,20610,20610,103393
08/28 09:35,20650,20670,20570,20600,182726
08/28 09:30,20670,20680,20620,20660,118089
08/28 09:25,20630,20700,20630,20660,198001
08/28 09:20,20640,20650,20620,20630,104734
08/28 09:15,20640,20680,20620,20630,238883
08/28 09:10,20620,20680,20600,20640,412873
08/28 09:05,20580,20630,20570,20620,561174
08/27 15:01,20470,20470,20470,20470,60869
08/27 15:00,20460,20480,20460,20470,148375
08/27 14:55,20450,20460,20440,20450,19294
08/27 14:50,20440,20460,20440,20440,62277
08/27 14:45,20450,20460,20430,20450,51129
08/27 14:40,20480,20480,20450,20450,21674
08/27 14:35,20460,20480,20450,20480,40436
08/27 14:30,20470,20470,20460,20460,49388
08/27 14:25,20470,20480,20460,20470,22044
08/27 14:20,20450,20470,20450,20470,32634
08/27 14:15,20450,20460,20440,20450,26714
08/27 14:10,20450,20450,20440,20450,49870
08/27 14:05,20460,20470,20440,20450,29982
08/27 14:00,20490,20490,20450,20460,102640
08/27 13:55,20500,20500,20480,20490,31043
08/27 13:50,20480,20510,20480,20500,59390
08/27 13:45,20480,20490,20470,20480,55227
08/27 13:40,20480,20490,20460,20470,25987
08/27 13:35,20460,20480,20450,20480,30730
08/27 13:30,20470,20480,20460,20460,26126
08/27 13:25,20480,20480,20470,20470,17796
08/27 13:20,20490,20500,20480,20480,20454
08/27 13:15,20490,20500,20480,20490,23958
08/27 13:10,20500,20500,20490,20490,28055
08/27 13:05,20500,20520,20500,20500,30721
08/27 13:00,20520,20530,20500,20500,22188
08/27 12:55,20520,20530,20510,20520,46330
08/27 12:50,20490,20540,20480,20520,134928
08/27 12:45,20480,20490,20480,20490,6268
08/27 12:40,20470,20500,20470,20480,36453
08/27 12:35,20520,20520,20470,20470,166982
08/27 11:35,20460,20460,20460,20460,8992
08/27 11:30,20440,20470,20440,20470,62780
08/27 11:25,20460,20460,20430,20450,44328
08/27 11:20,20460,20470,20450,20450,2089
08/27 11:15,20460,20460,20440,20460,20344
08/27 11:10,20470,20480,20450,20460,54890
08/27 11:05,20460,20500,20460,20480,55782
08/27 11:00,20470,20470,20450,20470,61474
08/27 10:55,20480,20490,20470,20480,27388
08/27 10:50,20460,20480,20450,20480,89417
08/27 10:45,20480,20480,20450,20460,112084
08/27 10:40,20500,20510,20470,20480,297882
08/27 10:35,20550,20560,20510,20510,112030
08/27 10:30,20520,20550,20510,20550,53291
08/27 10:25,20520,20530,20520,20520,62789
08/27 10:20,20550,20550,20510,20510,87317
08/27 10:15,20570,20590,20540,20550,104065
08/27 10:10,20580,20580,20550,20570,42944
08/27 10:05,20550,20600,20550,20580,162792
08/27 10:00,20540,20570,20540,20550,56697
08/27 09:55,20530,20560,20520,20540,95509
08/27 09:50,20530,20530,20510,20530,85517
08/27 09:45,20520,20560,20520,20530,53974
08/27 09:40,20530,20550,20510,20530,99578
08/27 09:35,20570,20570,20520,20530,174813
08/27 09:30,20580,20590,20560,20570,99631
08/27 09:25,20570,20600,20560,20590,130579
08/27 09:20,20590,20590,20560,20570,115650
08/27 09:15,20570,20620,20570,20590,160443
08/27 09:10,20620,20630,20560,20570,152001
08/27 09:05,20720,20750,20600,20620,296656
08/26 15:01,20610,20610,20610,20610,45912
08/26 15:00,20610,20630,20580,20610,144294
08/26 14:55,20610,20610,20600,20600,41494
08/26 14:50,20590,20610,20590,20610,55604
08/26 14:45,20620,20620,20580,20590,49938
08/26 14:40,20640,20640,20610,20620,28829
08/26 14:35,20660,20660,20640,20650,20051
08/26 14:30,20650,20660,20640,20660,42862
08/26 14:25,20630,20650,20620,20650,53550
08/26 14:20,20640,20650,20630,20630,28774
08/26 14:15,20640,20650,20630,20640,33437
08/26 14:10,20630,20650,20630,20640,33066
08/26 14:05,20610,20650,20610,20630,62896
08/26 14:00,20600,20620,20600,20610,13289
08/26 13:55,20610,20620,20610,20610,24441
08/26 13:50,20610,20620,20610,20610,27509
08/26 13:45,20620,20620,20600,20610,30403
08/26 13:40,20590,20620,20590,20610,77153
08/26 13:35,20580,20590,20570,20590,48074
08/26 13:30,20570,20600,20570,20590,31082
08/26 13:25,20570,20570,20560,20570,7347
08/26 13:20,20580,20590,20560,20570,17824
08/26 13:15,20590,20600,20580,20580,39400
08/26 13:10,20570,20580,20560,20580,30058
08/26 13:05,20580,20580,20570,20580,3680
08/26 13:00,20570,20580,20570,20580,47183
08/26 12:55,20570,20570,20560,20570,22301
08/26 12:50,20560,20580,20550,20570,39495
08/26 12:45,20550,20570,20540,20570,26757
08/26 12:40,20540,20570,20540,20560,53839
08/26 12:35,20520,20540,20490,20540,261498
08/26 11:35,20590,20590,20590,20590,3077
08/26 11:30,20570,20590,20560,20580,34149
08/26 11:25,20550,20560,20540,20560,84797
08/26 11:20,20560,20570,20550,20550,27981
08/26 11:15,20560,20570,20550,20560,32603
08/26 11:10,20600,20600,20560,20560,11071
08/26 11:05,20600,20600,20570,20590,43970
08/26 11:00,20620,20620,20600,20600,49444
08/26 10:55,20630,20640,20600,20620,101202
08/26 10:50,20580,20630,20580,20630,105331
08/26 10:45,20590,20600,20570,20580,48423
08/26 10:40,20570,20600,20570,20590,120888
08/26 10:35,20570,20570,20550,20570,59139
08/26 10:30,20530,20570,20530,20570,70261
08/26 10:25,20530,20540,20510,20540,106960
08/26 10:20,20570,20570,20530,20530,134418
08/26 10:15,20570,20590,20560,20560,59076
08/26 10:10,20610,20620,20560,20570,48447
08/26 10:05,20600,20610,20550,20600,96486
08/26 10:00,20600,20600,20580,20600,29657
08/26 09:55,20630,20630,20580,20590,63989
08/26 09:50,20610,20640,20600,20630,103841
08/26 09:45,20600,20600,20580,20600,36808
08/26 09:40,20610,20620,20570,20600,200854
08/26 09:35,20640,20660,20610,20610,80261
08/26 09:30,20610,20640,20590,20630,117483
08/26 09:25,20600,20630,20590,20610,112225
08/26 09:20,20730,20730,20600,20600,272720
08/26 09:15,20720,20740,20700,20740,131436
08/26 09:10,20690,20750,20670,20720,144363
08/26 09:05,20590,20710,20580,20700,340677
08/25 15:01,20640,20640,20640,20640,60450
08/25 15:00,20640,20660,20630,20650,107080
08/25 14:55,20690,20690,20630,20640,114442
08/25 14:50,20690,20690,20670,20690,27581
08/25 14:45,20710,20710,20650,20690,160398
08/25 14:40,20690,20720,20680,20710,75017
08/25 14:35,20750,20770,20680,20690,174053
08/25 14:30,20770,20770,20740,20750,133756
08/25 14:25,20780,20790,20760,20760,31372
08/25 14:20,20800,20800,20790,20790,57374
08/25 14:15,20790,20800,20780,20800,124533
08/25 14:10,20790,20810,20770,20790,39835
08/25 14:05,20810,20820,20790,20790,27631
08/25 14:00,20800,20830,20800,20800,50472
08/25 13:55,20800,20810,20790,20800,31447
08/25 13:50,20780,20800,20770,20790,35120
08/25 13:45,20760,20780,20750,20780,48903
08/25 13:40,20780,20800,20750,20750,80722
08/25 13:35,20820,20820,20780,20780,28809
08/25 13:30,20810,20830,20800,20810,30928
08/25 13:25,20790,20820,20790,20810,37120
08/25 13:20,20810,20810,20790,20790,59109
08/25 13:15,20820,20830,20800,20810,63265
08/25 13:10,20840,20860,20820,20830,51631
08/25 13:05,20830,20860,20820,20830,88161
08/25 13:00,20830,20840,20820,20830,80844
08/25 12:55,20850,20860,20830,20830,72618
08/25 12:50,20860,20870,20840,20850,69755
08/25 12:45,20880,20890,20860,20860,56790
08/25 12:40,20850,20880,20840,20880,146619
08/25 12:35,20790,20860,20790,20850,237030
08/25 11:35,20800,20800,20800,20800,13048
08/25 11:30,20770,20810,20770,20810,170987
08/25 11:25,20750,20780,20740,20770,116472
08/25 11:20,20730,20760,20720,20740,138302
08/25 11:15,20730,20730,20720,20720,58888
08/25 11:10,20690,20730,20690,20720,85129
08/25 11:05,20690,20710,20670,20690,182860
08/25 11:00,20690,20700,20680,20690,61792
08/25 10:55,20650,20700,20640,20700,100633
08/25 10:50,20690,20690,20640,20650,61492
08/25 10:45,20670,20700,20660,20690,84599
08/25 10:40,20700,20700,20670,20670,101536
08/25 10:35,20670,20700,20650,20690,139588
08/25 10:30,20640,20670,20640,20670,164063
08/25 10:25,20630,20650,20620,20640,36504
08/25 10:20,20640,20650,20610,20630,74545
08/25 10:15,20650,20660,20620,20630,60097
08/25 10:10,20640,20660,20630,20650,178918
08/25 10:05,20620,20650,20600,20640,135875
08/25 10:00,20580,20630,20580,20620,177911
08/25 09:55,20570,20590,20560,20590,83487
08/25 09:50,20590,20600,20560,20570,71096
08/25 09:45,20570,20600,20570,20590,141665
08/25 09:40,20590,20610,20560,20570,119233
08/25 09:35,20580,20620,20580,20580,96933
08/25 09:30,20600,20600,20570,20580,76751
08/25 09:25,20630,20630,20550,20600,217789
08/25 09:20,20600,20660,20590,20620,436084
08/25 09:15,20600,20600,20550,20600,303852
08/25 09:10,20540,20610,20540,20600,438399
08/25 09:05,20580,20610,20540,20550,893063
08/24 15:01,20110,20110,20110,20110,52324
08/24 15:00,20090,20120,20090,20110,148695
08/24 14:55,20090,20100,20080,20090,56372
08/24 14:50,20110,20110,20080,20090,41969
08/24 14:45,20100,20110,20090,20100,29666
08/24 14:40,20090,20110,20080,20100,60328
08/24 14:35,20100,20100,20080,20090,13769
08/24 14:30,20100,20100,20080,20100,16467
08/24 14:25,20090,20100,20080,20100,56114
08/24 14:20,20080,20100,20080,20080,20557
08/24 14:15,20090,20090,20070,20080,21035
08/24 14:10,20090,20090,20090,20090,10232
08/24 14:05,20100,20100,20080,20090,15362
08/24 14:00,20090,20100,20080,20090,28507
08/24 13:55,20080,20090,20070,20080,73837
08/24 13:50,20070,20090,20070,20090,35077
08/24 13:45,20050,20080,20050,20070,55355
08/24 13:40,20070,20070,20050,20050,17137
08/24 13:35,20050,20070,20040,20070,21723
08/24 13:30,20040,20060,20040,20050,30563
08/24 13:25,20020,20030,20010,20030,18041
08/24 13:20,20030,20040,20000,20020,69739
08/24 13:15,20030,20030,20010,20030,19392
08/24 13:10,20040,20040,20010,20030,55757
08/24 13:05,20060,20060,20040,20040,40774
08/24 13:00,20080,20080,20050,20050,47310
08/24 12:55,20090,20100,20070,20090,36367
08/24 12:50,20070,20100,20070,20090,39496
08/24 12:45,20100,20100,20060,20070,77480
08/24 12:40,20100,20120,20100,20100,19695
08/24 12:35,20120,20130,20100,20110,42849
08/24 11:35,20130,20130,20130,20130,13320
08/24 11:30,20130,20140,20120,20120,31126
08/24 11:25,20140,20150,20120,20130,105148
08/24 11:20,20140,20150,20130,20130,23793
08/24 11:15,20110,20150,20100,20140,115404
08/24 11:10,20090,20110,20090,20100,55447
08/24 11:05,20090,20110,20080,20090,19861
08/24 11:00,20090,20100,20080,20090,45271
08/24 10:55,20120,20120,20080,20090,80660
08/24 10:50,20130,20150,20120,20120,39946
08/24 10:45,20120,20150,20110,20130,86853
08/24 10:40,20120,20130,20100,20110,46743
08/24 10:35,20130,20140,20100,20120,132324
08/24 10:30,20050,20130,20050,20120,166107
08/24 10:25,20020,20060,20020,20050,109116
08/24 10:20,19970,20020,19970,20010,54960
08/24 10:15,19970,19980,19930,19970,55672
08/24 10:10,19970,19980,19930,19970,103370
08/24 10:05,20020,20040,19960,19970,115189
08/24 10:00,20030,20040,20000,20020,90525
08/24 09:55,19950,20040,19950,20030,194883
08/24 09:50,19950,19970,19930,19950,74335
08/24 09:45,19920,19970,19910,19950,91021
08/24 09:40,19940,19950,19880,19930,149861
08/24 09:35,19950,19970,19920,19940,135279
08/24 09:30,19960,19980,19940,19950,102874
08/24 09:25,19980,20000,19950,19970,114883
08/24 09:20,19920,19970,19910,19970,98009
08/24 09:15,19980,19990,19920,19920,140704
08/24 09:10,19950,19990,19910,19970,146336
08/24 09:05,20020,20040,19940,19940,608855
08/21 15:01,20050,20050,20040,20040,57492
08/21 15:00,20020,20070,20020,20050,107969
08/21 14:55,20010,20030,19990,20030,151449
08/21 14:50,20010,20020,20000,20010,77502
08/21 14:45,20020,20040,20010,20010,63599
08/21 14:40,20040,20040,20020,20030,37768
08/21 14:35,20060,20070,20030,20040,43722
08/21 14:30,20080,20080,20060,20060,25857
08/21 14:25,20070,20080,20060,20080,26981
08/21 14:20,20090,20090,20070,20070,28817
08/21 14:15,20090,20100,20080,20080,14027
08/21 14:10,20090,20100,20080,20090,24008
08/21 14:05,20060,20090,20060,20080,25342
08/21 14:00,20080,20080,20060,20070,25545
08/21 13:55,20080,20090,20070,20080,7179
08/21 13:50,20070,20080,20060,20080,37843
08/21 13:45,20060,20080,20040,20070,40694
08/21 13:40,20090,20090,20060,20060,14171
08/21 13:35,20070,20100,20070,20090,29661
08/21 13:30,20080,20080,20060,20070,23360
08/21 13:25,20080,20100,20080,20080,28473
08/21 13:20,20110,20110,20080,20090,76749
08/21 13:15,20100,20120,20090,20100,15288
08/21 13:10,20100,20120,20090,20100,68711
08/21 13:05,20080,20110,20070,20100,48078
08/21 13:00,20100,20100,20080,20090,49145
08/21 12:55,20100,20110,20080,20100,37385
08/21 12:50,20140,20140,20090,20100,70635
08/21 12:45,20180,20190,20130,20140,62496
08/21 12:40,20180,20200,20170,20180,73376
08/21 12:35,20160,20210,20160,20180,253560
08/21 11:35,20040,20040,20040,20040,9116
08/21 11:30,20050,20060,20020,20040,70078
08/21 11:25,20050,20050,20030,20050,31118
08/21 11:20,20060,20070,20040,20040,54404
08/21 11:15,20090,20110,20070,20070,22791
08/21 11:10,20080,20100,20070,20090,27305
08/21 11:05,20070,20090,20030,20080,55193
08/21 11:00,20060,20080,20050,20070,46514
08/21 10:55,20030,20070,20020,20060,63803
08/21 10:50,20090,20090,20000,20020,98400
08/21 10:45,20070,20100,20070,20090,106057
08/21 10:40,20070,20070,20030,20070,132097
08/21 10:35,20100,20100,20060,20070,162737
08/21 10:30,20120,20140,20090,20100,167980
08/21 10:25,20210,20220,20120,20120,185832
08/21 10:20,20160,20220,20160,20210,58056
08/21 10:15,20210,20220,20150,20160,136998
08/21 10:10,20240,20290,20200,20200,92222
08/21 10:05,20250,20270,20230,20240,126890
08/21 10:00,20200,20260,20200,20250,92396
08/21 09:55,20230,20230,20180,20210,128614
08/21 09:50,20280,20330,20230,20230,139155
08/21 09:45,20300,20310,20280,20290,65993
08/21 09:40,20300,20310,20280,20300,236331
08/21 09:35,20360,20360,20300,20300,135252
08/21 09:30,20340,20370,20340,20360,145761
08/21 09:25,20340,20350,20310,20340,142148
08/21 09:20,20310,20360,20310,20350,197065
08/21 09:15,20290,20340,20290,20310,233189
08/21 09:10,20280,20340,20270,20290,519997
08/21 09:05,20190,20300,20180,20280,753979
08/20 15:01,19930,19930,19930,19930,85903
08/20 15:00,19940,19950,19900,19930,167505
08/20 14:55,19910,19940,19910,19940,110749
08/20 14:50,19900,19930,19890,19910,101862
08/20 14:45,19910,19920,19890,19900,113728
08/20 14:40,19920,19930,19910,19910,24236
08/20 14:35,19960,19960,19910,19930,65191
08/20 14:30,19930,19960,19920,19960,103310
08/20 14:25,19920,19950,19910,19920,87028
08/20 14:20,19920,19920,19900,19920,46207
08/20 14:15,19930,19940,19910,19920,39026
08/20 14:10,19920,19940,19920,19930,87110
08/20 14:05,19890,19930,19870,19920,117565
08/20 14:00,19890,19910,19890,19900,26704
08/20 13:55,19920,19930,19890,19890,102331
08/20 13:50,19920,19930,19910,19920,21228
08/20 13:45,19920,19940,19910,19920,53337
08/20 13:40,19930,19940,19910,19920,50730
08/20 13:35,19950,19950,19930,19940,28183
08/20 13:30,19940,19950,19930,19950,25460
08/20 13:25,19940,19940,19920,19930,33908
08/20 13:20,19970,19980,19930,19940,133922
08/20 13:15,19960,19990,19950,19970,122625
08/20 13:10,19950,19970,19950,19960,35240
08/20 13:05,19940,19960,19930,19950,63202
08/20 13:00,19900,19960,19900,19940,82699
08/20 12:55,19900,19910,19870,19910,180832
08/20 12:50,19930,19940,19900,19900,87520
08/20 12:45,19930,19930,19910,19930,83127
08/20 12:40,19970,19980,19930,19940,95349
08/20 12:35,19970,19980,19920,19970,199982
08/20 11:35,20040,20040,20040,20040,4886
08/20 11:30,20040,20050,20020,20040,101929
08/20 11:25,20050,20060,20030,20040,83249
08/20 11:20,20020,20060,20020,20060,49724
08/20 11:15,20030,20040,20010,20020,90443
08/20 11:10,20020,20040,20010,20040,47334
08/20 11:05,20030,20040,20010,20030,88866
08/20 11:00,20050,20050,20020,20030,80207
08/20 10:55,20080,20080,20020,20050,118070
08/20 10:50,20080,20100,20060,20080,121462
08/20 10:45,20100,20100,20080,20080,72782
08/20 10:40,20060,20110,20040,20100,112816
08/20 10:35,20090,20090,20060,20070,121377
08/20 10:30,20070,20100,20060,20090,148891
08/20 10:25,20170,20170,20060,20070,305064
08/20 10:20,20170,20180,20160,20170,73072
08/20 10:15,20200,20220,20160,20160,73907
08/20 10:10,20190,20210,20180,20200,48190
08/20 10:05,20180,20190,20170,20190,57704
08/20 10:00,20170,20190,20150,20180,93785
08/20 09:55,20190,20230,20180,20180,86537
08/20 09:50,20200,20210,20170,20190,104462
08/20 09:45,20220,20230,20200,20200,86333
08/20 09:40,20270,20280,20210,20210,157977
08/20 09:35,20220,20280,20210,20270,135529
08/20 09:30,20240,20240,20210,20210,43094
08/20 09:25,20230,20240,20220,20230,58603
08/20 09:20,20180,20240,20170,20220,101023
08/20 09:15,20200,20200,20150,20170,141670
08/20 09:10,20220,20220,20190,20200,106095
08/20 09:05,20150,20220,20110,20210,414072
08/19 15:01,20350,20350,20350,20350,42847
08/19 15:00,20350,20360,20340,20350,72744
08/19 14:55,20320,20360,20310,20350,49091
08/19 14:50,20320,20330,20310,20310,15138
08/19 14:45,20330,20340,20320,20330,50935
08/19 14:40,20350,20360,20330,20330,69485
08/19 14:35,20350,20380,20350,20350,131808
08/19 14:30,20350,20350,20330,20340,17982
08/19 14:25,20370,20370,20340,20350,61799
08/19 14:20,20350,20370,20350,20370,20707
08/19 14:15,20350,20350,20340,20350,22356
08/19 14:10,20340,20360,20330,20350,19485
08/19 14:05,20340,20360,20330,20340,37956
08/19 14:00,20340,20350,20340,20340,41012
08/19 13:55,20320,20340,20310,20340,18403
08/19 13:50,20320,20330,20310,20320,11795
08/19 13:45,20320,20330,20310,20320,8840
08/19 13:40,20310,20340,20300,20330,39667
08/19 13:35,20310,20320,20300,20310,35602
08/19 13:30,20300,20320,20290,20310,26965
08/19 13:25,20320,20330,20300,20300,50963
08/19 13:20,20350,20350,20330,20330,34049
08/19 13:15,20340,20360,20330,20360,32297
08/19 13:10,20360,20370,20330,20340,36609
08/19 13:05,20350,20370,20350,20360,30118
08/19 13:00,20360,20370,20350,20350,62286
08/19 12:55,20370,20380,20350,20370,45068
08/19 12:50,20370,20390,20360,20370,61195
08/19 12:45,20390,20390,20370,20370,41976
08/19 12:40,20380,20400,20380,20380,143001
08/19 12:35,20350,20390,20340,20380,203779
08/19 11:35,20300,20300,20300,20300,1286
08/19 11:30,20300,20320,20300,20300,50844
08/19 11:25,20300,20300,20290,20300,44802
08/19 11:20,20280,20300,20280,20300,35212
08/19 11:15,20280,20290,20270,20280,26089
08/19 11:10,20290,20290,20270,20280,50400
08/19 11:05,20260,20290,20260,20290,26855
08/19 11:00,20280,20280,20250,20260,37403
08/19 10:55,20290,20300,20270,20280,37660
08/19 10:50,20290,20310,20270,20280,97181
08/19 10:45,20330,20340,20280,20290,93379
08/19 10:40,20290,20350,20290,20340,122899
08/19 10:35,20270,20300,20250,20280,53670
08/19 10:30,20260,20310,20260,20270,74428
08/19 10:25,20300,20300,20260,20260,58859
08/19 10:20,20270,20310,20250,20300,148969
08/19 10:15,20220,20260,20220,20260,144521
08/19 10:10,20180,20240,20170,20220,125398
08/19 10:05,20130,20190,20130,20180,69739
08/19 10:00,20110,20150,20100,20120,73557
08/19 09:55,20130,20140,20120,20120,23952
08/19 09:50,20170,20170,20110,20130,79125
08/19 09:45,20170,20190,20140,20160,59192
08/19 09:40,20170,20170,20130,20160,126058
08/19 09:35,20230,20230,20170,20170,68643
08/19 09:30,20240,20240,20200,20240,114356
08/19 09:25,20160,20240,20150,20230,103369
08/19 09:20,20150,20190,20150,20160,140920
08/19 09:15,20130,20160,20090,20150,106124
08/19 09:10,20120,20140,20070,20130,171323
08/19 09:05,20140,20140,20060,20110,301064
08/18 15:01,20250,20250,20250,20250,54303
08/18 15:00,20260,20270,20220,20260,156130
08/18 14:55,20250,20260,20220,20250,60837
08/18 14:50,20250,20270,20240,20250,52053
08/18 14:45,20240,20250,20230,20250,136764
08/18 14:40,20260,20280,20230,20230,42462
08/18 14:35,20240,20270,20230,20260,113807
08/18 14:30,20240,20250,20210,20240,78613
08/18 14:25,20220,20250,20210,20240,69819
08/18 14:20,20190,20220,20190,20220,39832
08/18 14:15,20190,20200,20170,20190,24011
08/18 14:10,20190,20190,20170,20190,25630
08/18 14:05,20190,20200,20180,20190,18536
08/18 14:00,20170,20190,20170,20190,13623
08/18 13:55,20190,20190,20170,20180,24950
08/18 13:50,20170,20200,20170,20190,30197
08/18 13:45,20180,20210,20160,20170,42253
08/18 13:40,20190,20190,20170,20180,21652
08/18 13:35,20200,20210,20180,20180,22356
08/18 13:30,20230,20230,20200,20200,32799
08/18 13:25,20210,20230,20200,20230,34397
08/18 13:20,20200,20220,20200,20200,34761
08/18 13:15,20170,20200,20170,20200,19138
08/18 13:10,20210,20210,20170,20170,38542
08/18 13:05,20180,20220,20180,20200,32786
08/18 13:00,20180,20210,20170,20180,63907
08/18 12:55,20220,20220,20170,20170,55414
08/18 12:50,20220,20240,20190,20220,126399
08/18 12:45,20200,20220,20200,20220,144193
08/18 12:40,20190,20210,20170,20190,154556
08/18 12:35,20130,20200,20130,20190,192411
08/18 11:35,20070,20070,20070,20070,3971
08/18 11:30,20080,20090,20070,20080,45814
08/18 11:25,20080,20090,20080,20080,21686
08/18 11:20,20050,20080,20050,20070,53343
08/18 11:15,20070,20070,20040,20060,160141
08/18 11:10,20080,20090,20050,20070,79051
08/18 11:05,20140,20140,20080,20090,130334
08/18 11:00,20120,20140,20110,20130,134071
08/18 10:55,20100,20120,20080,20120,74225
08/18 10:50,20080,20100,20070,20100,54460
08/18 10:45,20080,20090,20040,20080,78802
08/18 10:40,20090,20090,20060,20080,101267
08/18 10:35,20110,20120,20090,20100,49489
08/18 10:30,20100,20120,20100,20110,133329
08/18 10:25,20110,20130,20100,20110,79136
08/18 10:20,20120,20130,20100,20110,80548
08/18 10:15,20170,20180,20110,20130,123902
08/18 10:10,20220,20220,20160,20170,196217
08/18 10:05,20210,20220,20190,20210,153077
08/18 10:00,20270,20280,20210,20220,124198
08/18 09:55,20260,20290,20250,20270,54836
08/18 09:50,20250,20270,20240,20260,161367
08/18 09:45,20290,20290,20250,20250,66496
08/18 09:40,20260,20300,20250,20290,53877
08/18 09:35,20300,20310,20250,20260,108262
08/18 09:30,20270,20310,20270,20310,66783
08/18 09:25,20270,20290,20250,20260,124033
08/18 09:20,20290,20300,20250,20280,95391
08/18 09:15,20310,20320,20270,20290,73169
08/18 09:10,20340,20360,20290,20310,128194
08/18 09:05,20320,20370,20280,20330,384376
08/17 15:01,20340,20340,20330,20330,49386
08/17 15:00,20360,20360,20340,20350,163591
08/17 14:55,20360,20370,20350,20350,21899
08/17 14:50,20380,20390,20350,20360,111888
08/17 14:45,20370,20380,20360,20370,17842
08/17 14:40,20370,20380,20360,20370,22861
08/17 14:35,20380,20380,20350,20370,44923
08/17 14:30,20390,20400,20370,20380,31316
08/17 14:25,20410,20420,20390,20390,51485
08/17 14:20,20400,20410,20370,20410,62704
08/17 14:15,20390,20400,20390,20400,26232
08/17 14:10,20390,20400,20380,20390,60126
08/17 14:05,20370,20400,20370,20390,43271
08/17 14:00,20390,20400,20360,20370,80034
08/17 13:55,20380,20400,20350,20390,51904
08/17 13:50,20370,20390,20350,20380,47334
08/17 13:45,20350,20380,20350,20370,55009
08/17 13:40,20370,20370,20340,20350,36457
08/17 13:35,20310,20370,20310,20370,100082
08/17 13:30,20310,20320,20300,20310,85450
08/17 13:25,20290,20310,20290,20310,36322
08/17 13:20,20260,20290,20250,20290,58228
08/17 13:15,20270,20270,20250,20260,54904
08/17 13:10,20260,20280,20260,20270,27730
08/17 13:05,20280,20290,20260,20270,38116
08/17 13:00,20280,20300,20270,20280,96125
08/17 12:55,20290,20290,20260,20280,150112
08/17 12:50,20310,20320,20290,20290,127298
08/17 12:45,20320,20320,20300,20320,85781
08/17 12:40,20330,20340,20310,20320,62356
08/17 12:35,20360,20360,20310,20330,266078
08/17 11:35,20390,20390,20390,20390,4270
08/17 11:30,20400,20410,20380,20390,88421
08/17 11:25,20390,20400,20380,20400,84644
08/17 11:20,20380,20390,20370,20390,42334
08/17 11:15,20380,20390,20360,20380,139832
08/17 11:10,20350,20390,20350,20380,58789
08/17 11:05,20330,20370,20320,20350,48700
08/17 11:00,20320,20330,20300,20320,46358
08/17 10:55,20340,20340,20320,20320,48430
08/17 10:50,20350,20350,20330,20330,32422
08/17 10:45,20330,20350,20330,20350,64646
08/17 10:40,20310,20340,20310,20330,90233
08/17 10:35,20380,20390,20310,20320,136825
08/17 10:30,20360,20380,20350,20370,29310
08/17 10:25,20340,20370,20340,20350,51657
08/17 10:20,20360,20370,20330,20340,102926
08/17 10:15,20360,20380,20360,20370,85345
08/17 10:10,20330,20360,20330,20360,107291
08/17 10:05,20340,20350,20310,20330,101868
08/17 10:00,20320,20340,20280,20340,152493
08/17 09:55,20360,20360,20300,20320,242451
08/17 09:50,20400,20430,20350,20360,258093
08/17 09:45,20450,20460,20370,20410,209775
08/17 09:40,20490,20520,20450,20450,199325
08/17 09:35,20550,20580,20480,20490,204754
08/17 09:30,20520,20570,20520,20550,92530
08/17 09:25,20490,20530,20480,20530,134868
08/17 09:20,20510,20540,20480,20500,118808
08/17 09:15,20470,20530,20460,20510,139507
08/17 09:10,20490,20500,20470,20480,143969
08/17 09:05,20480,20490,20420,20480,297475
08/14 15:01,20640,20640,20640,20640,52953
08/14 15:00,20640,20660,20610,20630,210559
08/14 14:55,20590,20650,20590,20640,201547
08/14 14:50,20620,20620,20590,20600,137044
08/14 14:45,20610,20630,20610,20620,71004
08/14 14:40,20610,20610,20590,20610,84136
08/14 14:35,20610,20610,20590,20600,48409
08/14 14:30,20610,20630,20610,20610,42175
08/14 14:25,20600,20610,20590,20610,75691
08/14 14:20,20610,20610,20600,20600,16139
08/14 14:15,20610,20620,20610,20610,28268
08/14 14:10,20640,20640,20610,20610,27660
08/14 14:05,20610,20640,20610,20630,29215
08/14 14:00,20620,20620,20600,20610,55605
08/14 13:55,20630,20630,20610,20620,43188
08/14 13:50,20660,20660,20630,20630,54707
08/14 13:45,20630,20670,20630,20660,90275
08/14 13:40,20640,20640,20630,20640,27842
08/14 13:35,20620,20640,20620,20640,38630
08/14 13:30,20620,20630,20620,20620,52190
08/14 13:25,20620,20630,20610,20620,20907
08/14 13:20,20610,20630,20610,20630,11236
08/14 13:15,20610,20630,20610,20610,12730
08/14 13:10,20620,20620,20610,20610,24684
08/14 13:05,20620,20640,20610,20620,17398
08/14 13:00,20600,20650,20600,20630,97020
08/14 12:55,20610,20620,20600,20600,20101
08/14 12:50,20600,20620,20600,20610,35642
08/14 12:45,20590,20610,20580,20600,49264
08/14 12:40,20580,20600,20570,20580,38987
08/14 12:35,20590,20590,20540,20580,317193
08/14 11:35,20630,20630,20630,20630,8192
08/14 11:30,20630,20640,20620,20630,57337
08/14 11:25,20620,20630,20610,20630,99295
08/14 11:20,20600,20640,20600,20630,109952
08/14 11:15,20600,20630,20590,20600,86230
08/14 11:10,20590,20610,20590,20600,54236
08/14 11:05,20590,20610,20560,20590,93367
08/14 11:00,20610,20610,20570,20590,61542
08/14 10:55,20640,20650,20610,20610,86628
08/14 10:50,20600,20640,20590,20630,100404
08/14 10:45,20600,20620,20590,20600,72983
08/14 10:40,20580,20600,20570,20590,61349
08/14 10:35,20570,20600,20560,20580,103282
08/14 10:30,20550,20570,20540,20560,71283
08/14 10:25,20550,20570,20520,20550,124202
08/14 10:20,20590,20600,20530,20550,130144
08/14 10:15,20580,20590,20530,20580,161885
08/14 10:10,20600,20600,20570,20580,42989
08/14 10:05,20570,20610,20570,20600,122895
08/14 10:00,20570,20580,20550,20570,120067
08/14 09:55,20600,20620,20570,20570,65184
08/14 09:50,20600,20610,20580,20610,91196
08/14 09:45,20640,20650,20600,20610,57991
08/14 09:40,20630,20650,20630,20630,70657
08/14 09:35,20630,20650,20600,20640,169665
08/14 09:30,20610,20640,20570,20620,123137
08/14 09:25,20630,20640,20550,20610,253981
08/14 09:20,20650,20670,20640,20640,94520
08/14 09:15,20660,20680,20620,20660,143836
08/14 09:10,20660,20670,20580,20660,204283
08/14 09:05,20730,20740,20600,20660,769681
08/13 15:01,20590,20590,20590,20590,72307
08/13 15:00,20590,20610,20580,20600,244612
08/13 14:55,20610,20620,20580,20590,155732
08/13 14:50,20610,20630,20600,20620,70031
08/13 14:45,20610,20620,20590,20610,73121
08/13 14:40,20610,20630,20600,20620,89901
08/13 14:35,20620,20620,20600,20600,35185
08/13 14:30,20630,20650,20610,20620,47545
08/13 14:25,20640,20650,20630,20630,127185
08/13 14:20,20600,20640,20600,20630,70868
08/13 14:15,20610,20620,20590,20600,79909
08/13 14:10,20630,20640,20610,20610,34935
08/13 14:05,20660,20670,20600,20630,153377
08/13 14:00,20660,20680,20660,20660,23763
08/13 13:55,20670,20680,20660,20670,43298
08/13 13:50,20670,20680,20660,20670,46659
08/13 13:45,20670,20680,20660,20670,68915
08/13 13:40,20670,20680,20660,20660,23736
08/13 13:35,20660,20680,20660,20670,37092
08/13 13:30,20670,20670,20660,20670,20855
08/13 13:25,20670,20680,20660,20670,41797
08/13 13:20,20660,20680,20650,20670,98085
08/13 13:15,20650,20670,20650,20660,62025
08/13 13:10,20650,20660,20640,20650,46330
08/13 13:05,20620,20660,20620,20660,157156
08/13 13:00,20640,20640,20620,20620,39986
08/13 12:55,20630,20650,20610,20630,105033
08/13 12:50,20600,20630,20600,20630,60380
08/13 12:45,20600,20600,20570,20600,112236
08/13 12:40,20610,20630,20590,20600,60956
08/13 12:35,20610,20650,20610,20610,191477
08/13 11:35,20620,20620,20620,20620,8260
08/13 11:30,20620,20640,20610,20610,101926
08/13 11:25,20600,20630,20600,20620,80028
08/13 11:20,20590,20610,20580,20610,83951
08/13 11:15,20590,20620,20570,20600,107269
08/13 11:10,20610,20640,20590,20590,133198
08/13 11:05,20580,20620,20570,20610,244021
08/13 11:00,20560,20580,20540,20570,72801
08/13 10:55,20590,20600,20560,20570,89425
08/13 10:50,20530,20590,20520,20590,134123
08/13 10:45,20530,20580,20510,20530,126270
08/13 10:40,20580,20590,20510,20530,153882
08/13 10:35,20550,20600,20550,20590,188372
08/13 10:30,20510,20550,20510,20550,114504
08/13 10:25,20520,20530,20510,20510,84786
08/13 10:20,20530,20550,20470,20510,131016
08/13 10:15,20510,20550,20490,20520,151701
08/13 10:10,20470,20520,20450,20510,207050
08/13 10:05,20480,20490,20410,20470,179971
08/13 10:00,20520,20540,20460,20470,162207
08/13 09:55,20580,20580,20440,20520,436006
08/13 09:50,20600,20640,20560,20570,195463
08/13 09:45,20590,20630,20570,20600,188561
08/13 09:40,20580,20620,20570,20590,194074
08/13 09:35,20590,20640,20580,20590,245410
08/13 09:30,20560,20620,20560,20590,346166
08/13 09:25,20520,20570,20500,20560,455661
08/13 09:20,20470,20520,20470,20510,404477
08/13 09:15,20440,20470,20440,20470,177364
08/13 09:10,20410,20490,20410,20450,474989
08/13 09:05,20430,20440,20390,20410,588698
08/12 15:01,19860,19860,19860,19860,58147
08/12 15:00,19810,19860,19810,19850,149563
08/12 14:55,19840,19860,19810,19820,171040
08/12 14:50,19850,19860,19820,19830,128098
08/12 14:45,19810,19850,19800,19850,107755
08/12 14:40,19790,19820,19790,19810,40133
08/12 14:35,19800,19800,19780,19800,51619
08/12 14:30,19800,19810,19790,19800,113419
